date,plan_cost,refund,penalty,extra_cost,emergency_cost,total_cost,increase_total,decrease_total,plan_total,adjusted_total,emergency_total,unused_total,soc_start,soc_end
2025-02-01,24715.141993125213,1545.6139914284809,772.8069957142404,0.0,0.0,23942.334997410973,0.0,2086.0601422759055,47059.93027402457,44973.87013174866,0.0,4296.670894229344,6000.0,8392.265685482358
2025-02-02,57785.787677384134,2857.818874258975,1428.9094371294875,41.910692043543094,0.0,56398.78893229819,24.051356944445615,3982.2803784400976,90739.78489960995,86781.5558781143,0.0,4198.995152415965,8392.265685482358,8410.248572919338
2025-02-03,58776.68821297963,3852.7677897075364,1926.3838948537682,2.0491597751970402e-12,0.0,56850.30431812586,1.5916157281026244e-12,5231.158034107755,92312.41960431915,87081.26157021138,0.0,2897.856869905412,8410.248572919338,8095.2975758891325
2025-02-04,61710.81125753173,3322.840877075933,1661.4204385379664,18.52614687291967,0.0,60067.91696586668,10.571569444447334,4308.053419178207,96324.95630981284,92027.47446007909,0.0,5590.10903050186,8095.2975758891325,8965.675560413803
2025-02-05,56718.72163494616,1100.1966568622752,550.0983284311376,258.26615661582696,7.617018127348274e-13,56426.88946313085,153.09930849743142,1287.9492968866193,89151.15979714386,88016.30980875468,1.1368683772161603e-13,3437.3160119324016,8965.675560413803,8469.131441629168
2025-02-06,61405.67716159749,5086.946457500369,2543.4732287501847,59.49762539500085,0.0,58921.701558242305,34.62045416666729,6707.1946929430815,95648.46307416985,88975.88883539343,0.0,4378.247482863514,8469.131441629168,8521.423328734723
2025-02-07,23477.216702671343,2395.1322458414106,1197.5661229207053,7.235803423100151e-12,0.0,22279.650579750647,4.945377440890297e-12,4008.0138882669494,44657.309026617106,40649.295138350164,0.0,6003.933337371387,8521.423328734723,7766.53492649334
2025-02-08,18638.712996354756,13.375097093591915,6.6875485467959574,942.0483680675784,652.7180201999971,20226.79183607554,627.8170707364574,31.8713439885135,36291.071082984825,36887.01680973277,106.77539999999954,1464.8871185323583,7766.53492649334,7992.214629314449
2025-02-09,55771.33420484161,1547.0809602392824,773.5404801196412,87.82403605213447,102.8329828232422,55188.45074359735,46.216864305147965,2272.2011407670248,88183.13301230021,85957.14873583835,21.112624833331665,2283.2205261026625,7992.214629314449,7838.118979849995
2025-02-10,53364.941604655454,3406.1791949010203,1703.0895974505102,2.0922357180097607e-12,0.0,51661.85200720494,2.2737367544323206e-12,4354.726189119554,84676.4992032185,80321.77301409894,0.0,1401.9148496797002,7838.118979849995,7965.816811488332
2025-02-11,53699.744408802675,4303.779435351187,2151.8897176755936,120.73070798531502,3572.928320561992,55241.51371967439,65.8129732071958,5474.46171245754,85272.47110837614,79863.82236912579,701.2558067372613,517.098901583036,7965.816811488332,8242.533240470368
2025-02-12,53317.73587147822,3856.39182696806,1928.19591348403,656.803924710691,1867.0530956155885,53913.39697832047,332.28222868055536,5236.771115685166,84633.42229316008,79728.93340615547,431.89307066406735,790.6590632201616,8242.533240470368,7873.989463297509
2025-02-13,49465.91524871251,2154.560578170156,1077.280289085078,39.197623025087694,688.7493535178791,49116.5819361704,20.571750000037078,2886.9122775087126,79569.28331352181,76702.94278601313,146.40668055551774,1788.8278868058353,7873.989463297509,7265.731866562541
2025-02-14,18368.300290309307,210.73786956416683,105.36893478208341,845.8740665607099,0.0,19108.805422087935,566.4528736640334,511.06712500000015,35821.80835041114,35877.19409907517,0.0,2845.5039066755244,7265.731866562541,6940.001365927005
2025-02-15,19429.801898650003,709.4854867819006,354.7427433909503,576.0750584023124,1055.1531608175837,20706.287374478947,314.12566574094143,1128.1260192400678,37401.25267448682,36587.252320987696,236.8236380000001,3419.0044323045277,6940.001365927005,7548.756244204153
2025-02-16,53960.95455051672,5030.021199964614,2515.010599982307,960.0968147005523,2479.2389578371585,54885.279723072126,499.00673320833255,7066.82585014129,86273.30023048172,79705.48111354877,527.0818792613863,161.4052858024677,7548.756244204153,7820.118093148148
2025-02-17,53152.65830812337,6583.0278624868915,3291.5139312434458,1148.9694302716498,636.8797371684013,51646.99354431998,606.5631137484761,9902.851393833034,85698.3338151749,76402.04553509034,138.5687196109099,1311.2297944959028,7820.118093148148,7767.019792407396
2025-02-18,47363.64046700788,22.106717456189596,11.053358728094798,1632.6024002474169,1097.9040633494367,50083.093571876634,1165.5380469138345,52.732487937550445,76482.00002852986,77594.80558750614,232.44742944067565,1396.2922744793575,7767.019792407396,7951.941227728999
2025-02-19,47401.769225508615,84.30889088916672,42.15444544458336,743.8028056190001,1146.181590312186,49249.599175995216,533.1068761051563,170.60320555555563,76228.45041197308,76590.95408252269,262.70051651448057,157.07420972221558,7951.941227728999,7399.7310588888895
2025-02-20,49487.36265202108,3187.380010640425,1593.6900053202125,416.5185816678763,163.4777407832282,48473.66896915198,267.9823095353065,4472.288610829159,79623.9978611836,75419.69155988975,35.16960355555714,1016.5333988574113,7399.7310588888895,6646.753251002869
2025-02-21,17274.39149658557,66.90484351522456,33.45242175761228,678.9498897142951,0.0,17919.88896454225,455.9467392072865,110.06846314118496,33649.90808846801,33995.78636453411,0.0,5759.718839548958,6646.753251002869,5955.302329631994
2025-02-22,19283.461562040873,414.12276309054135,207.06138154527068,619.1754196558583,0.0,19695.57560015146,478.47970697888525,565.1225115569289,37452.6474408879,37366.00463630986,0.0,3353.9819855397673,5955.302329631994,8525.466315334941
2025-02-23,48642.32064234565,1991.6964627890438,995.8482313945219,470.0965361338514,0.0,48116.56894708498,349.75877613443043,2876.8175329451274,78483.43001381251,75956.3712570018,0.0,377.0240251886239,8525.466315334941,8236.083947196272
2025-02-24,46589.81932216623,1565.912325996336,782.956162998168,331.29795449778004,233.57531753472674,46371.73643120057,206.86529254315832,2061.586929581617,74860.56708677376,73005.84544973531,51.460847222223265,972.8911039917706,8236.083947196272,8045.780842410485
2025-02-25,48507.05389691158,4669.859778992959,2334.9298894964795,82.12681075444603,144.49499629165794,46398.74581446121,47.68734679487262,6915.911917640664,78641.3257056473,71773.10113480152,32.99370833333134,2186.035400376577,8045.780842410485,7665.647002971106
2025-02-26,42946.05591427485,16.892120000003825,8.446060000001912,4522.056817734996,0.0,47459.666672009844,4894.051815663627,40.13333333333787,69889.72202891193,74743.6405112422,0.0,903.7157731824549,7665.647002971106,8364.241980023899
2025-02-27,41838.90889899229,61.69849010079273,30.849245050396366,2072.0600743674677,1246.0651015505268,45126.184829859885,2404.101829508567,135.81071548107047,66188.44888139372,68456.73999542122,222.821551652778,538.9572882201671,8364.241980023899,5616.216822409626
2025-02-28,16934.826856354797,55.897834450288215,27.948917225144108,657.58388453783,1035.6655887918466,18600.127412459333,505.24922456992135,91.08366545554938,33043.8160954524,33457.98165456677,229.4529319681047,7143.374226954733,5616.216822409626,5677.713846633707
2025-03-01,18873.441509251486,276.1341548397955,138.06707741989774,1.0847429621207994e-13,78.7444329004837,18814.118864732074,8.526512829121202e-14,352.6123659736482,36850.998304299144,36498.38593832549,16.701303574961837,7370.701108333333,5677.713846633707,7767.670805438384
2025-03-02,48942.82168485284,559.9872703079182,279.9936351539591,3162.160666906124,0.0,51824.988716605,3372.1262649285163,714.6720926947129,78493.49296212185,81150.94713435564,0.0,4392.432404586147,7767.670805438384,7953.590135658203
2025-03-03,50016.1949552718,1621.6805593889262,810.8402796944631,956.6995216542439,0.0,50162.05419723158,717.0713331672059,2403.4762215687488,80120.93392228581,78434.52903388426,0.0,2459.212399298145,7953.590135658203,7863.69180241163
2025-03-04,44576.963799614794,28.5637009108194,14.2818504554097,4350.74243055235,307.2163993905384,49220.64077910228,4565.211855271209,60.66052026062982,71365.33254289912,75869.8838779097,86.8909158194442,2814.3942928155006,7863.69180241163,7977.900401672842
2025-03-05,46521.00850111569,1557.3169370741598,778.6584685370799,955.6081375220535,170.45849503202436,46868.416665132696,874.6070676348529,2274.2489328432553,75017.85449193636,73618.21262672798,34.91274858061229,3942.1845127164825,7977.900401672842,7818.296975746977
2025-03-06,42567.30655460893,54.64522889597299,27.322614447986496,1696.1857094386298,0.0,44236.16964959957,2079.7055486011914,109.60847777777838,67782.73731529023,69752.83438611365,0.0,2076.1221203921345,7818.296975746977,5781.862606746345
2025-03-07,17037.43490464292,705.099496598868,352.549748299434,92.53344114544744,0.0,16777.41859748893,66.0530006323817,880.2032369027802,32179.292994770352,31365.142758499955,0.0,9034.404502662193,5781.862606746345,4383.641460246914
2025-03-08,17654.79323198508,42.918325185000135,21.459162592500068,339.558160909731,194.56101236955294,18167.45324267186,293.92994798500615,77.6461166666669,34735.0017575307,34951.28558884904,78.92154655555464,8946.555827777787,4383.641460246914,8009.477163425931
2025-03-09,43795.67530962613,1688.65863798384,844.32931899192,34.61508106811644,0.0,42985.961071702324,25.34843446759257,3296.433237880283,71340.7471124859,68069.6623090732,0.0,575.6320577504395,8009.477163425931,8071.00821425926
2025-03-10,43949.247149148185,723.8060434230468,361.9030217115234,1818.9307597599363,321.3309466784436,45727.60583387503,1504.735089910194,1056.639075504379,72537.13580509627,72985.23181950209,47.93107836991703,810.6744746433853,8071.00821425926,8031.182447262873
2025-03-11,39553.50031142473,4.746146166666733,2.3730730833333666,4132.549398049696,210.47266630483688,43894.14930269593,4637.152631028998,11.201666666666824,64925.111183751134,69551.06214811347,45.54467282235976,1173.2609752066496,8031.182447262873,8346.979960975108
2025-03-12,45344.27851646111,4185.9785674254435,2092.9892837127218,0.0,0.0,43251.289232748386,0.0,6756.056224274538,73937.32186221713,67181.26563794258,0.0,1007.0129695436947,8346.979960975108,7993.905653629004
2025-03-13,43328.59919586858,1358.0918540485984,679.0459270242992,374.14201479820105,427.15351656014144,43450.84880020261,346.9764496531626,1584.079473420706,69214.75579783574,67977.6527740682,78.59073647597675,1176.5018875989658,7993.905653629004,3695.8809777777824
2025-03-14,15519.355724147015,0.0,0.0,347.7803188594402,2.0896884223020603e-14,15867.136043006456,254.30954714701076,0.0,30327.104035853008,30581.413583000023,9.592326932761352e-15,11066.578641314163,3695.8809777777824,4086.249495109824
2025-03-15,17111.72358286661,11.24105183468972,5.62052591734486,828.3441067787926,244.63920190011132,18179.086365628165,593.9032892302829,18.364112264398273,34552.6698432879,35128.20902025378,53.408038542150706,7045.5392514346395,4086.249495109824,7849.994137247943
2025-03-16,43788.378154782265,1827.3565102090217,913.6782551045109,915.2607350770107,7.461179999999938,43797.421814754765,1164.026131836214,2634.333365709632,71219.7681919186,69749.46095804518,1.6399999999999864,2057.6800889880183,7849.994137247943,8231.939597080096
2025-03-17,39998.42763937956,2673.6080142551095,1336.8040071275548,1224.7872745830186,882.1061583845417,40768.51706521957,1035.4131665525965,5608.662942095354,67106.77078825221,62533.521012709454,203.37626141238115,600.3472425989881,8231.939597080096,8427.115517610964
2025-03-18,45306.35167614641,5703.066578147136,2851.533289073568,247.4540688532134,5.1249116950202725e-12,42702.27245592607,143.9149137361644,8969.146293737564,73938.23949750827,65113.00811750689,8.185452315956353e-13,583.0599307267439,8427.115517610964,7826.759704496678
2025-03-19,38286.29865354901,86.18113494094519,43.09056747047259,2598.100188534794,0.0,40841.30827461333,3123.4509570020837,75.70435833666721,62388.27587465067,65436.02247331608,0.0,1231.664235093002,7826.759704496678,8467.520282712334
2025-03-20,41185.09094760373,2948.6717936986165,1474.3358968493083,714.7748986255388,2165.882490285287,42591.41243966524,538.1736827973923,4424.869910798517,65824.80537149611,61938.10914349499,476.9497079389615,412.91087908547536,8467.520282712334,4646.882198577012
2025-03-21,14549.872111775661,451.85023594443464,225.92511797221732,219.1657371333366,841.1201616649564,15384.232892601736,184.50388333333532,546.893676697216,28058.99941562483,27696.60962226095,308.9570693679919,14324.51684397217,4646.882198577012,3443.7170220370404
2025-03-22,18249.704016970056,310.7762853602636,155.3881426801318,3.4340530419285643e-14,0.0,18094.31587428992,2.842170943040401e-14,350.9081979052655,35843.19068962997,35492.282491724705,0.0,11032.071530775296,3443.7170220370404,8697.613016785872
2025-03-23,42341.57432351963,3696.809808638142,1848.404904319071,86.86514268330997,899.5394606816743,41479.57402256554,46.34629850375307,5449.897308409239,69037.20777469059,63633.65676478509,132.30356545258033,1943.9905020891192,8697.613016785872,8008.149682997554
2025-03-24,38643.71813726287,451.7191543013456,225.8595771506728,498.9894061506908,120.03503819850137,39036.88300446139,403.21560051723685,986.1101911485507,63350.490111211904,62767.59552058059,42.05852775000043,989.8367315718258,8008.149682997554,7900.081988941135
2025-03-25,47226.478706887654,7849.3137771395905,3924.6568885697952,7.158433845688705e-12,874.4499063670263,44176.271724684884,5.002220859751105e-12,11561.20262859376,76328.376278417,64767.173649823235,198.4166950135365,146.09941111111755,7900.081988941135,7726.213785
2025-03-26,40465.42819100057,4365.3249976159905,2182.6624988079952,830.9367796769532,0.0,39113.70247186952,706.9057019999939,6633.067324044589,66399.28435147615,60473.12272943154,0.0,746.2613983835698,7726.213785,7835.222418593372
2025-03-27,41016.72852226546,4876.578176101786,2438.289088050893,0.0,1456.7624261587707,40035.20186037334,0.0,7218.8620255187125,65469.06023056086,58250.19820504216,308.81881517252236,438.6733184431131,7835.222418593372,3713.0777615723796
2025-03-28,15956.87402175755,292.6147972478343,146.30739862391715,3.747828714040224e-14,0.0,15810.566623133634,2.842170943040401e-14,328.95419458908816,31384.18021608556,31055.22602149647,0.0,16077.143036142159,3713.0777615723796,4929.834928780552
2025-03-29,15557.60884892576,62.277896195101036,31.138948097550518,898.2078512891171,677.1772596091482,17101.855011726475,627.9618444722167,149.42826148423865,31858.23663628375,32336.770219271722,126.13228499999707,18370.715423508234,4929.834928780552,8073.762502851958
2025-03-30,41111.759074716174,5181.6622597738615,2590.8311298869307,389.9321498649636,1026.845801944599,39937.70589663881,198.49488625639503,9134.145766382124,67609.92380875863,58674.2729286329,244.41105555559608,59.03757472563932,8073.762502851958,7886.931865900293
2025-03-31,34880.20661954543,93.44102808500048,46.72051404250024,2766.8007602031084,2232.8606902033316,39833.14755590937,3836.900867192175,223.0661500000009,56928.20755181063,60542.042269002806,545.9366261929484,145.58350555555836,7886.931865900293,8051.146920000001
2025-04-01,40321.97282373324,807.9151511711216,403.9575755855608,206.0876399114249,100.14778372040107,40224.250671779504,272.14210460754055,1666.9296837744623,66204.03389883746,64809.246319670536,26.361796989913927,1262.7471439471815,8051.146920000001,8010.4978649999985
2025-04-02,39138.48278294969,457.0454428554716,228.5227214277358,2052.1064554260915,994.7572518297146,41956.82376877776,2208.057691932968,721.0501124967466,65129.97667455653,66616.98425399275,194.40052010667253,2472.546108693382,8010.4978649999985,8096.494060403959
2025-04-03,39184.019579192915,3219.2112075071773,1609.6056037535886,3.946752258343621e-12,727.51372747501,38301.92770291434,2.5011104298755527e-12,4356.791296741326,62278.53519255527,57921.74389581394,144.6618166666683,2586.01286745817,8096.494060403959,4353.128116907413
2025-04-04,13469.08692366966,21.09161408551318,10.54580704275659,167.65202508830365,0.0,13626.193141715206,139.53698577037767,23.992280838941156,27106.17518786701,27221.71989279845,0.0,18276.98995956791,4353.128116907413,4025.4019740996014
2025-04-05,15823.537167151659,32.735850590759064,16.367925295379532,687.5177940601918,3452.637117978249,19947.32415389472,477.7694593472154,42.12165287658678,31974.054985092727,32409.70279156336,732.4029997750356,14361.05321791838,4025.4019740996014,7794.883198939189
2025-04-06,37768.6549792642,1518.3738893935868,759.1869446967934,209.08530946826255,0.7448949109547014,37219.29823894662,156.60565936112562,2148.8405292271386,62057.80737634587,60065.57250647986,0.191884315032123,1741.6940218151644,7794.883198939189,7997.644380000001
2025-04-07,35530.99417800159,1407.585518410015,703.7927592050075,880.2274372109019,0.0,35707.428856007486,791.9241581006263,2454.9356104142166,59574.329262979416,57911.31781066583,0.0,981.1227434518285,7997.644380000001,7844.844805493826
2025-04-08,41491.30188732523,5338.650924090191,2669.3254620450957,129.67806549048981,110.65688679682607,39062.31137756744,71.66000138888194,9400.420105493782,69145.45905157935,59816.69894747445,23.616879051718325,1622.877726543909,7844.844805493826,7754.980686296297
2025-04-09,37378.58172557343,212.87320511023685,106.43660255511843,2377.968860314181,1.1245761655231945e-12,39650.1139833325,3167.176897499467,288.1059973489558,61751.23206951303,64630.302969663535,2.497557716196752e-13,1531.8000410350999,7754.980686296297,7816.955883227253
2025-04-10,33633.99660030159,1031.9628129348,515.9814064674,1859.181324593525,252.33520928643625,35229.53172771415,2394.410443587349,1250.8721631554965,53176.28136622745,54319.8196466593,56.819562967818285,1415.2853656806442,7816.955883227253,2975.3022441083926
2025-04-11,12219.269260047513,0.0,0.0,1678.6534747868636,454.5990382723604,14352.521773106739,1179.7409829416952,0.0,25224.729806730946,26404.47078967264,92.63881299190723,19152.930511305996,2975.3022441083926,2443.3150147658916
2025-04-12,16496.39186860307,249.62081423793242,124.81040711896621,101.36468537853027,0.0,16472.946146862632,73.08061672420065,292.869062652076,33862.88077563066,33643.092329702784,0.0,15382.05184164055,2443.3150147658916,8443.494072425043
2025-04-13,33221.51525214546,44.29246840666843,22.146234203334217,2830.3367295669323,1000.4045503304014,37030.110297839456,3276.5940197085906,105.06165000000135,55273.54242825543,58445.074797964015,202.89461764539175,914.5088823665051,8443.494072425043,8150.321669999999
2025-04-14,35665.47056043176,3254.480370215668,1627.240185107834,1783.1703702794052,2886.950261263502,38708.35100686683,921.351955582401,4073.447992190842,58929.05869206104,55776.962655452604,529.2097813026597,39.53338333333333,8150.321669999999,8239.707681139813
2025-04-15,31747.10469118223,11.504599999999968,5.752299999999984,2872.6752950299287,842.9769053767957,35457.00459158896,2542.2876543482744,27.333333333333258,53447.81755077101,55962.77187178596,163.45797063102617,2095.8966463600655,8239.707681139813,8413.114717037037
2025-04-16,33845.26194198411,35.99435425972273,17.997177129861367,2470.580898414549,17.385884566442247,36315.23154783523,2638.436753805756,81.6013472222229,56994.09541757545,59550.93082415898,3.522618694448738,487.9874913285505,8413.114717037037,7991.613447222222
2025-04-17,30731.583474410945,256.6434885398924,128.3217442699462,2946.0963137813496,113.45403976192165,33662.81208368427,3528.784260521958,244.60705770515406,47870.27809846021,51154.45530127702,16.263480470458973,744.229989996562,7991.613447222222,2431.429572930139
2025-04-18,12979.574976432006,72.87027165664894,36.43513582832447,223.18431661146747,767.0069303874336,13933.33108760258,192.26553517238165,69.424410468627,26296.761962074776,26419.603086778534,173.03597522421032,17682.766859173527,2431.429572930139,2508.8352137606025
2025-04-19,14791.998422601593,1.944471114325097e-06,9.722355571625485e-07,755.9546627374225,2.249363677167059,15550.202448043947,550.0638375319579,4.619793571691844e-06,31380.972602337682,31931.036435249847,0.5885305277781772,16651.713372222217,2508.8352137606025,7850.917363401817
2025-04-20,32845.27870908702,34.29368412922536,17.14684206461268,2109.8591770202065,229.6738530888242,35167.664897131435,2544.1630826263886,35.98495176170272,54551.018321304044,57059.19645216873,47.17289444443141,692.9395983703517,7850.917363401817,8263.722658845052
2025-04-21,35217.01602069405,2173.1332895313353,1086.5666447656677,0.0,0.0,34130.44937592838,0.0,3450.774385507375,58801.5675622388,55350.79317673143,0.0,3482.580712842935,8263.722658845052,7903.741883725487
2025-04-22,31655.650664991994,4.924918637777115,2.4624593188885573,2304.171207643663,1669.9961486056604,35627.35556192243,2423.7388600052304,5.2554888888881806,52789.01617110515,55207.4995422215,508.40778408626,111.22109324417477,7903.741883725487,7599.751370370372
2025-04-23,31304.934833633604,13.886628423933953,6.943314211966976,3651.74001518743,2.1814052786339743e-12,34949.73153460907,4631.581405729574,14.068107004289232,52513.116295093605,57130.62959381889,6.323830348264892e-13,1145.4454471279012,7599.751370370372,8357.510122633801
2025-04-24,28771.081153692583,161.91583717285027,80.95791858642514,1942.4114867387173,2.206661520176567e-13,30632.534721844873,2176.978339767358,138.02216212242973,45792.991377826984,47831.94755547191,5.684341886080802e-14,3996.9645674120825,8357.510122633801,2051.33984075709
2025-04-25,12552.376986894462,358.03747415882657,179.01873707941328,8.416520813625539e-14,32.847326649996575,12406.205576465047,5.684341886080802e-14,380.50486104891127,25436.36185181508,25055.85699076617,7.882727777776957,20759.18359501171,2051.33984075709,1882.0747951676562
2025-04-26,15288.854627560102,2.5389109634829765e-06,1.2694554817414883e-06,181.51975602998425,5.443823170026008e-14,15470.374382320631,144.38667627777852,2.770829382825468e-06,32071.036630746505,32215.423304253454,2.4868995751603507e-14,23202.94604866949,1882.0747951676562,7721.410589753091
2025-04-27,32118.047456001477,47.355917792500755,23.677958896250377,818.8222642034635,2222.252201272243,35135.44396258093,634.3153188839002,115.13716944444536,54377.37962218192,54896.557771621374,400.761047889828,2944.2022354002747,7721.410589753091,7677.747513518518
2025-04-28,39708.41338661759,2917.008826809911,1458.5044134049556,2.019368139372091e-12,0.0,38249.90897321263,1.3642420526593924e-12,4709.619874158987,67309.77399877574,62600.154124616754,0.0,1750.540316935064,7677.747513518518,8046.976388981411
2025-04-29,32547.37639090651,409.51068349319723,204.75534174659862,569.6986488524127,571.1204020937187,33483.44010010605,441.9103749602144,370.5021503936484,53669.02199389001,53740.430218456575,90.97712033539196,2821.4165224619965,8046.976388981411,8092.897786851858
2025-04-30,30879.849790731663,203.31273352243113,101.65636676121557,695.6708039721801,992.7490121324074,32466.61324007504,983.2963243471982,190.37782822683906,50558.5670496538,51351.48554577416,210.60617732053157,75.36690313532023,8092.897786851858,7744.2969246222365
2025-05-01,31392.669697954723,414.2812177540661,207.14060887703306,0.0,9872.479407078752,41058.00849615644,0.0,836.2363746608644,50176.25172823415,49340.01535357328,1773.9007765555557,3362.9231780362584,7744.2969246222365,1200.0
2025-05-02,13894.858629568109,12.713597512758552,6.356798756379276,372.25311613555107,7460.981261153484,21721.736208100767,290.2796877820287,12.87974623924481,27612.42192009797,27889.821861640754,1380.202262364623,11986.804246107677,1200.0,1532.726673546198
2025-05-03,15797.404491645682,13.93222573333466,6.96611286666733,336.7680596042644,9457.469161932087,25584.675600315364,210.97112571034205,32.924266666668004,33325.50757136842,33503.5544304121,1645.376703803548,16780.01103990055,1532.726673546198,7840.983363271603
2025-05-04,32947.78399263289,1204.0501809016882,602.0250904508441,964.5617544625087,10131.742227711431,43442.06288435598,499.6745669871259,1582.5056655400535,54993.957405745954,53911.12630719303,1706.053805318429,547.7052821772629,7840.983363271603,7698.154185
2025-05-05,34441.89011574535,326.84429516474586,163.42214758237293,1017.3841574556029,10133.295285327331,45429.147410945916,522.933223865395,381.051345033873,56842.248940717254,56984.130819548765,1645.5788736988372,1.6431300764452317e-13,7698.154185,7585.540229958658
2025-05-06,30759.210783971932,0.0,0.0,3855.1017453601617,11077.684195275004,45691.996724607096,3603.023086806924,0.0,50556.52350044811,54159.54658725503,2103.387260370225,74.48791926684751,7585.540229958658,7330.215673083399
2025-05-07,33275.20607730478,2.856040737242438e-13,1.428020368621219e-13,3307.4777478040996,8702.650583588365,45285.33440869724,3583.121199555957,2.2737367544323206e-13,53862.811188671214,57445.93238822718,1485.960724384241,32.2041507390513,7330.215673083399,7613.720627592599
2025-05-08,34741.34176799563,5.152600152775141,2.5763000763875703,0.0,243.22893262499974,34981.99440054425,0.0,11.545149345227742,54505.28738904686,54493.742239701634,35.99924999999996,103.77330759921915,7613.720627592599,3073.5667874732017
2025-05-09,14362.52706414902,4.6666758075843966e-06,2.3333379037921983e-06,72.92177553714505,131.408693383334,14566.85753073616,55.36494373067957,5.171404893644649e-06,27225.24478575732,27280.609724316593,61.105316666666965,16688.417363912955,3073.5667874732017,2669.2237723769763
2025-05-10,17886.73095469428,0.0,0.0,1.0978065437288364e-05,0.0,17886.73096567235,8.325230680839013e-06,0.0,34252.37217026975,34252.37217859499,0.0,13245.88202792267,2669.2237723769763,8528.128134404578
2025-05-11,35945.36629472432,7.42957695365476e-13,3.71478847682738e-13,986.6188389249274,579.5764233367038,37511.56155698595,1057.587320519052,1.1226575225009583e-12,57798.17171183596,58855.75903235501,106.07468166326247,125.62645000000032,8528.128134404578,8368.557601111115
2025-05-12,32827.322660820886,0.0,0.0,4168.545638376698,0.0,36995.86829919758,4572.951195079102,0.0,51399.080637444444,55972.03183252355,0.0,144.87757083333622,8368.557601111115,8805.972923437554
2025-05-13,36735.01920017818,1238.249517289013,619.1247586445065,479.1052401251062,1.4012712767907942e-11,36594.9996816588,425.4142089242109,2468.2371904757047,59857.51327461249,57814.69029306099,4.909850304102292e-12,882.8780215770007,8805.972923437554,9156.553176635805
2025-05-14,36756.813541088,651.6007404469553,325.80037022347767,619.36053619611,0.0,37050.37370706063,913.8455459362126,839.0023793655162,57358.73419227205,57433.577358842755,0.0,158.2569065751264,9156.553176635805,9993.897354818975
2025-05-15,33833.03300714095,56.89273370331023,28.446366851655114,381.929079381541,0.0,34186.51571967083,564.5348156493922,54.64628760559946,49350.04729203792,49859.93582008171,0.0,125.42616752502055,9993.897354818975,4130.516241203706
2025-05-16,14427.846309355813,4.666637727586931e-06,2.3333188637934654e-06,26.41721747939646,0.0,14454.263524501892,21.005146333330543,5.171362730038709e-06,25769.336885083332,25790.3420262453,0.0,21486.639128213414,4130.516241203706,3347.8638940277806
2025-05-17,16035.248264803646,4.666686216008031e-06,2.3333431080040156e-06,6.876451243633565e-11,613.2507372680617,16648.498999738433,4.8449596587286445e-11,5.3084816471482554e-06,30022.640010224794,30022.64000491636,252.44117505555568,14739.591026104416,3347.8638940277806,5715.8502091821565
2025-05-18,41991.864351925964,2855.8128978549244,1427.9064489274622,0.0,0.0,40563.9579029985,0.0,5459.7412088462215,69074.58929401124,63614.848085165024,0.0,1872.8462043276784,5715.8502091821565,10089.433590824532
2025-05-19,34045.87639717781,490.90719367269816,245.45359683634908,0.0,378.9846958333337,34179.4074961748,0.0,1129.7641069841034,54410.527357250176,53280.76325026608,56.19166666666672,3810.1567877249095,10089.433590824532,8772.345382839521
2025-05-20,35345.98202062019,2.0118005750191516e-11,1.0059002875095758e-11,956.2655704362132,771.8226860440789,37074.070277100465,661.9754468285417,1.4978240869822912e-11,56269.682365517816,56931.65781234634,195.65273709470264,82.72547222222252,8772.345382839521,7969.891254704848
2025-05-21,33256.42585028778,1.971146715357008e-06,9.85573357678504e-07,2439.9935383044694,2018.9979726977253,37715.417360304404,2402.2205192907436,4.64893071239203e-06,52338.521550480364,54740.74206512218,518.5669078285155,223.0431689621825,7969.891254704848,8283.075832685183
2025-05-22,31643.614961461673,0.0,0.0,5.999977018161723e-06,1242.6736696134024,32886.28863707505,9.725223832908701e-06,0.0,48059.408867892154,48059.408877617374,183.55305310575073,0.0,8283.075832685183,2823.0910542592596
2025-05-23,14205.918908119718,0.0,0.0,50.43714421174981,873.6767881534987,15130.032840484966,40.346487650387814,0.0,26488.381989317557,26528.728476967946,292.4625570023917,17387.367533333334,2823.0910542592596,3400.9399049382687
2025-05-24,17632.18832173248,1.8735233098595926e-06,9.367616549297963e-07,138.9881013998887,97.99075569524055,17869.16717789085,108.97383952777872,2.0761561501103643e-06,33431.720222393524,33540.69405984515,22.374872861112237,20670.135545414414,3400.9399049382687,9606.536520679014
2025-05-25,34632.75513176967,709.033792722647,354.5168963613235,0.0,0.0,34278.238235408346,0.0,1621.765946338462,56144.06365825035,54522.29771191188,0.0,4242.414473483208,9606.536520679014,8157.969442129631
2025-05-26,33744.264598428286,1.0714018117141676e-12,5.357009058570838e-13,4016.723699635154,510.3226404177299,38271.310938481176,4976.819491368075,1.1937117960769683e-12,53693.1214446483,58669.94093601638,108.17092586112454,223.27080000000058,8157.969442129631,8547.944994045172
2025-05-27,32833.64536800841,1.66164682013914e-13,8.3082341006957e-14,2320.058684157312,1941.374350822217,37095.078402987936,2592.6560446868166,2.2737367544323206e-13,51173.84758549988,53766.50363018671,370.93026666666606,303.743852777778,8547.944994045172,9450.904173066529
2025-05-28,36863.89276922232,1587.776814357016,793.888407178508,685.6131813063614,0.0,36755.61754335018,510.5505215535001,3117.559282986501,59130.0700804127,56523.06131897969,0.0,1490.7507007004922,9450.904173066529,8960.125365213113
2025-05-29,34164.626214895514,650.3885639972923,325.19428199864615,976.757416800097,0.0,34816.18934969696,743.2985802683476,1460.9932889060508,53134.559850621226,52416.86514198352,0.0,736.2903555555542,8960.125365213113,3520.725533213856
2025-05-30,14051.502124951392,1.3899352779844775e-13,6.949676389922387e-14,348.55400441246127,133.80465047427145,14533.860779838124,282.0558418998872,1.1368683772161603e-13,26127.225641545803,26409.28148344569,29.684507849085517,17959.863765723596,3520.725533213856,2991.9742566353398
2025-05-31,19008.88199567581,611.6011321363533,305.80056606817664,0.0,0.0,18703.08142960763,0.0,672.285488365402,35576.1177383726,34903.832250007195,0.0,17039.386760380487,2991.9742566353398,9541.82272641975
2025-06-01,47055.12166278626,4230.577636229468,2115.288818114734,2596.679615828064,12377.877997759677,59914.390458259266,1744.795299604248,5993.969716719313,75035.00407475703,70785.82965764197,2050.817205034639,631.0094583333357,9541.82272641975,6898.896792962963
2025-06-02,49138.52066029351,5943.805986296482,2971.902993148241,807.052343635478,15280.470771214848,62254.14078199559,418.6726749903799,10056.08849071748,79334.06887207885,69696.65305635174,2619.2853618035983,38.477900000000204,6898.896792962963,6507.90922388889
2025-06-03,44466.70778510143,1220.6576353788105,610.3288176894052,837.3628997323121,18139.806493951575,62833.54836109591,447.3641753803149,2305.313933561161,72537.97337153464,70680.02361335378,3378.550194691345,2008.9715505487065,6507.90922388889,6734.26881006173
2025-06-04,51413.51565103654,6518.350571158779,3259.1752855793893,8.331903700309339e-12,9337.80126932422,57492.14163478138,6.139089236967266e-12,10701.89910012058,82586.16402147016,71884.26492134959,1538.4048912563608,71.9778500000001,6734.26881006173,6603.372411851852
2025-06-05,41069.52698610885,497.2473415433446,248.6236707716723,827.3054964002168,22730.96702641074,64379.17583814814,426.66155929337356,1087.4691928840675,64850.24389129654,64189.43625770584,4714.879387706156,40.04337361111129,6603.372411851852,1200.0
2025-06-06,17694.760086391172,7.424815260270634e-06,3.712407630135317e-06,973.2967008319695,16773.41503910252,35441.47182261325,614.3625918189754,8.103035668227676e-06,31968.828418089844,32583.191001805782,3496.7394585008046,2318.148013888892,1200.0,1514.108718148149
2025-06-07,22484.80681601159,280.4862303574388,140.2431151787194,0.0,9626.09865549489,31970.662356327764,0.0,681.2982808391021,42755.73293597874,42074.43465513964,1534.014258019999,3977.1775647710047,1514.108718148149,6855.876605966654
2025-06-08,49578.2095132003,2593.896912300842,1296.948456150421,3.263949110987596e-13,0.0,48281.26105704988,4.547473508864641e-13,4409.844737051692,78662.50270839474,74252.65797134304,0.0,2330.558039719053,6855.876605966654,9896.400142881654
2025-06-09,54275.31962569087,2150.1515876480516,1075.0757938240258,3.6762912714038973e-13,0.0,53200.24383186684,2.2737367544323206e-13,2894.024435781619,83018.9211292227,80124.89669344109,0.0,5322.04457356928,9896.400142881654,10035.405836626742
2025-06-10,49845.913241623915,260.185720130139,130.0928600650695,1.4540134429807949e-12,0.0,49715.82038155884,8.242295734817162e-13,332.00898497655436,76844.30809933654,76512.29911435998,0.0,758.2097991943385,10035.405836626742,10246.32179324327
2025-06-11,56090.72663609251,813.5257693013922,406.7628846506961,9.499659682887794e-10,0.0,55683.963751442774,4.881997028860496e-10,739.0747637029463,84866.94735334083,84127.87258963835,0.0,4112.821811341495,10246.32179324327,9999.077592520127
2025-06-12,50676.28026538042,791.3743513508596,395.6871756754298,9.764605124473746e-13,0.0,50280.593089704984,4.831690603168681e-13,997.9135636946262,75940.98551298518,74943.07194929055,0.0,1993.7126536827313,9999.077592520127,7089.686285132043
2025-06-13,22366.260749182235,183.22176785055046,91.61088392527523,0.0,0.0,22274.649865256957,0.0,149.06517755132666,36269.932986848245,36120.86780929691,0.0,5781.9140673283955,7089.686285132043,6299.992869566525
2025-06-14,25180.88455460681,235.2393500402554,117.6196750201277,1.9411022549320477e-10,0.0,25063.264879586877,1.2107648217352107e-10,289.88324477588,42425.6560715568,42135.77282678104,0.0,8994.201617232553,6299.992869566525,10300.04729430774
2025-06-15,45939.42422285036,257.9944945587714,128.9972472793857,4758.055749645215,0.0,50568.48272521619,5870.670082281399,309.4431036330945,70574.92944704833,76136.15642569664,0.0,1052.96037690778,10300.04729430774,10628.640072872131
2025-06-16,47857.08462469559,66.99042239292412,33.49521119646206,2465.950415264162,975.4529298313946,51264.99275859468,2254.2890098391053,158.5036595299411,73753.23516143637,75849.02051174553,219.02615624463817,797.2136258695276,10628.640072872131,9221.532482037033
2025-06-17,54476.42006060266,544.7179728076546,272.3589864038273,375.60695747101454,38.94031784236275,54618.60834951221,349.7569760561956,734.2616184689228,84831.45018072703,84446.9455383143,5.776209722222693,4198.575982564349,9221.532482037033,10581.770346212596
2025-06-18,51866.77534096887,269.625094274525,134.8125471372625,232.61976023951493,0.0,51964.582554071116,195.49106455917615,382.96137198387396,79940.70243504985,79753.23212762515,0.0,5341.602906736996,10581.770346212596,10446.575150906303
2025-06-19,44525.42347802478,1149.843246441977,574.9216232209885,2443.4711850660196,40.81518517152768,46434.78822504134,2465.6607715114383,1538.235049700815,66975.9491528013,67903.37487461192,6.054318055555541,946.1671430272517,10446.575150906303,5931.026734327846
2025-06-20,22483.983212234853,260.2519590807432,130.1259795403716,1.1763746670112596e-10,0.0,22353.857232694598,6.400568963726982e-11,210.4167270035182,36034.68059769548,35824.26387069202,0.0,11261.854129800973,5931.026734327846,5592.84412445159
2025-06-21,24790.891640424605,198.56026197189698,99.28013098594849,4.6730389158256e-11,0.0,24691.611509438706,2.637534635141492e-11,260.91171838686364,42586.34708938246,42325.43537099563,0.0,14818.911972445141,5592.84412445159,10670.882580871043
2025-06-22,43763.64854803751,66.99042239314348,33.49521119657174,2330.348140661906,1044.2154520279746,47104.71692953081,2235.551013463211,158.50365953064912,68371.25010844576,70448.29746237832,249.88266518270552,933.6514543582483,10670.882580871043,9156.55195805556
2025-06-23,46324.567698655905,125.10677253202863,62.553386266014314,134.4509721973851,3.6039811135424313e-12,46396.46528458728,190.2867444469595,296.938432262256,71552.73622244514,71446.08453462983,1.637801005927031e-12,626.6096229252443,9156.55195805556,8987.590453913766
2025-06-24,55308.842484298904,674.1143037530942,337.0571518765471,11.689536283333442,1140.5844862303882,56124.05935493608,5.7798888888889906,661.5467288251443,85500.45964853177,84844.69280859552,250.4344961111051,3139.1984811478114,8987.590453913766,10157.46891541992
2025-06-25,47462.853067071,2.838101341581023e-06,1.4190506707905116e-06,211.4125775909354,0.0,47674.265643242885,300.71861575036127,6.760603469047055e-06,74131.6511505614,74432.36975955116,0.0,1350.0310173146936,10157.46891541992,9093.250752298343
2025-06-26,45302.82723552971,0.0,0.0,0.0,0.0,45302.82723552971,0.0,0.0,67537.26042353245,67537.26042353245,0.0,804.4093004972576,9093.250752298343,5109.265624623538
2025-06-27,24699.201901714092,2186.878005985093,1093.4390029925464,1.6817693904158657e-13,0.0,23605.762898721543,1.1368683772161603e-13,2587.5328229734064,40142.91962436145,37555.38680138804,0.0,13803.191142411524,5109.265624623538,6540.765634814817
2025-06-28,25566.608157170544,760.0992001226672,380.0496000613336,12.80412844620263,0.0,25199.362685555414,11.167040333335628,796.3908110524533,43231.494266166665,42446.27049544755,0.0,13619.274094061362,6540.765634814817,10357.65940506173
2025-06-29,47408.072828769145,2.9095590629367507e-06,1.4547795314683753e-06,2.632305040606298e-13,0.0,47408.07282731436,4.547473508864641e-13,6.860549547127448e-06,74620.65140078875,74620.6513939282,0.0,3157.223585217639,10357.65940506173,8982.316468297326
2025-06-30,48895.06916433737,3.019092545946478e-06,1.509546272973239e-06,0.0,5.515857992577367e-12,48895.06916282783,0.0,7.191740223788656e-06,75749.59848268474,75749.598475493,1.9326762412674725e-12,853.5782830860372,8982.316468297326,10147.724927420228
2025-07-01,40875.727652299465,9.821154151268273e-10,4.910577075634137e-10,11602.226861967145,27223.679124615126,79701.63363888123,9743.031335703607,7.277094482560642e-10,62997.66096579509,72740.69230149797,5824.735027636993,5.684341886080802e-14,10147.724927420228,6706.49263518518
2025-07-02,40527.32554178347,8.313352282129926e-10,4.156676141064963e-10,6240.0961642477305,33634.79123134617,80402.21293737696,4652.025446656716,5.959606141914264e-10,62681.494421655196,67333.51986831133,7676.400213751735,0.0,6706.49263518518,6229.674914160049
2025-07-03,41831.37229867859,6.305924671323737e-13,3.1529623356618687e-13,9191.19232407729,27254.830531064395,78277.39515382027,6598.551398159837,7.389644451905042e-13,64409.95871060886,71008.51010876868,6383.07674096051,3.410605131648481e-13,6229.674914160049,1200.0
2025-07-04,17711.697098584606,0.0,0.0,1049.1649525223143,34787.11217155833,53547.974222665245,617.0175138714355,0.0,32080.3285442356,32697.346058107032,8535.389899374279,10033.733527777782,1200.0,1200.0
2025-07-05,21112.606056431654,0.0,0.0,363.21634255753213,35201.756498491406,56677.57889748059,195.18031124324474,0.0,38892.2578045096,39087.43811575285,8414.365554563166,11550.429511111108,1200.0,5721.800741111108
2025-07-06,42069.17549496274,2.9905437671118306e-09,1.4952718835559153e-09,10575.882744125302,34048.076177197334,86693.1344162839,10259.122365424713,2.2172912395035382e-09,64774.7496419832,75033.87200740569,7643.818717640364,16.891495833333195,5721.800741111108,5305.434055431484
2025-07-07,41586.346450126104,4.43976020392256e-12,2.21988010196128e-12,5493.611690822466,32789.38999663171,79869.34813758027,4445.632172648435,4.497735517361434e-12,66615.46179425051,71061.09396689894,7715.569118393845,40.32333333333361,5305.434055431484,7227.625982222224
2025-07-08,63972.411065854496,4815.372021490239,2407.6860107451193,0.0,9.60574666666635,61574.33080177604,0.0,7621.4278455657495,99070.69434729082,91449.26650172507,1.4266666666666197,10573.337647689024,7227.625982222224,8724.628387297247
2025-07-09,63048.98654929813,4485.050532902456,2242.525266451228,0.0,0.0,60806.4612828469,0.0,6591.80883591858,97654.24951324293,91062.44067732435,0.0,12066.705380306743,8724.628387297247,10115.611396728393
2025-07-10,57131.79671645626,2598.8828025425782,1299.4414012712891,0.0,0.0,55832.35531518497,0.0,4301.647324074062,86343.8122274657,82042.16490339165,0.0,9526.678371566366,10115.611396728393,6521.666993998156
2025-07-11,32493.96118446211,1530.6259614705,765.31298073525,1.831836016208399e-13,0.0,31728.648203726858,1.1368683772161603e-13,1815.942382626843,51406.724573212436,49590.782190585596,0.0,14871.495974046851,6521.666993998156,6492.174066892746
2025-07-12,32348.02679957539,2.8769082497305316,1.4384541248652658,0.0,0.0,32346.588345450524,0.0,2.368593969565495,52869.660308757084,52867.29171478752,0.0,15283.654306472887,6492.174066892746,10146.054734453073
2025-07-13,62970.59179320143,7579.53009696759,3789.765048483795,0.0,0.0,59180.82674471763,0.0,10533.427180218107,95192.44625942741,84659.0190792093,0.0,12105.323345599947,10146.054734453073,10183.205237037035
2025-07-14,58701.51240242408,3609.122405911934,1804.561202955967,0.0,0.0,56896.95119946811,0.0,5850.580422311155,91334.42921865637,85483.84879634522,0.0,10461.361120505017,10183.205237037035,10093.492900740739
2025-07-15,61154.7090258181,5411.028930837302,2705.514465418651,0.0,0.0,58449.194560399446,0.0,8381.582037859564,94677.3211658642,86295.73912800464,0.0,9674.18759539661,10093.492900740739,10569.892326851852
2025-07-16,59127.93649821369,2922.845488184528,1461.422744092264,0.0,0.0,57666.51375412143,0.0,4021.2922400177317,90214.34747731395,86193.05523729621,0.0,10997.406925860403,10569.892326851852,10285.806981079735
2025-07-17,55786.86178822321,1297.2013738196706,648.6006869098353,2.069896254397463e-13,0.0,55138.26110131337,1.7053025658242404e-13,2481.8326449738543,84383.01683045976,81901.18418548591,0.0,9969.438891326194,10285.806981079735,6536.772173545473
2025-07-18,33024.949233510415,3065.0178234069144,1532.5089117034572,0.0,0.0,31492.44032180696,0.0,4099.739793249393,52308.99587177321,48209.25607852381,0.0,14563.74130962286,6536.772173545473,6657.363211035186
2025-07-19,34863.606943027335,2752.0159073633054,1376.0079536816527,0.0,0.0,33487.598989345686,0.0,3657.4513796982146,55848.2009766232,52190.74959692499,0.0,18393.193841421467,6657.363211035186,10436.717122037036
2025-07-20,60647.08187214184,4468.327901080084,2234.163950540042,0.0,0.0,58412.9179216018,0.0,6980.396960170436,93736.6621937704,86756.26523359997,0.0,11441.52614342867,10436.717122037036,10407.324922592594
2025-07-21,62390.32409296815,2985.4372791510677,1492.7186395755339,6.517666406580246e-14,0.0,60897.605453392614,5.684341886080802e-14,4779.220108002635,95420.66826489849,90641.44815689584,0.0,13175.457781450552,10407.324922592594,10569.816327037037
2025-07-22,58553.69495564221,2125.8820811084724,1062.9410405542362,0.0,0.0,57490.753915087975,0.0,3413.816674762921,89736.97203418073,86323.15535941781,0.0,9697.763201992979,10569.816327037037,9984.38450596953
2025-07-23,66387.75859743438,9044.523051322412,4522.261525661206,0.0,0.0,61865.49707177318,0.0,13429.26986017021,101407.94057750984,87978.67071733964,0.0,9952.734943121632,9984.38450596953,10061.669275585182
2025-07-24,63921.898799212904,7306.479321805169,3653.2396609025845,0.0,0.0,60268.659138310315,0.0,10482.186028540604,95806.96796690853,85324.78193836793,0.0,11600.29542264927,10061.669275585182,7096.99317430032
2025-07-25,29663.929786806104,896.6712445557691,448.33562227788457,0.0,0.0,29215.594164528222,0.0,1149.3680320253166,46904.85284249236,45755.484810467045,0.0,17384.930381894093,7096.99317430032,6476.977097516666
2025-07-26,32560.002193870576,877.6020230790824,438.8010115395412,3.747828714040224e-13,0.0,32121.201182331035,2.8421709430404007e-13,1261.4190895265565,53545.79861875901,52284.37952923245,0.0,17232.620889101017,6476.977097516666,10321.126040555557
2025-07-27,59096.792076143465,2941.668741136905,1470.8343705684524,0.9386204267510994,0.0,57626.89632600176,0.46468658188578615,4843.417783840097,91293.841589834,86450.88849257579,0.0,9273.825709506777,10321.126040555557,10270.164983609497
2025-07-28,61156.52487511534,2809.658493876932,1404.829246938466,1.3346721061679999e-12,0.0,59751.69562817688,1.1937117960769683e-12,4259.424357261823,94143.6771429975,89884.25278573569,0.0,8595.307513004302,10270.164983609497,10065.722200370368
2025-07-29,59427.37812446512,759.2092654840752,379.6046327420376,477.0538359956515,0.0,59524.82732771873,390.1227070000012,1155.9348186932427,91932.46099696227,91166.64888526904,0.0,11362.822940401575,10065.722200370368,10285.690922037034
2025-07-30,54515.88842237686,3.955999933738375,1.9779999668691874,910.3968826806938,0.0,55424.30730509069,1104.8388157761813,8.968487931587134,83466.44922126955,84562.31954911415,0.0,8175.572912594436,10285.690922037034,9212.066496737656
2025-07-31,52440.17893211977,200.79750531949034,100.39875265974517,0.0,0.0,52339.78017946003,0.0,353.3923008086771,80841.85251708009,80488.46021627141,0.0,5471.936477414922,9212.066496737656,5984.175333612507
2025-08-01,22325.084304757576,5.979332022357297e-06,2.9896660111786486e-06,250.9500027735229,1402.4697031980559,23978.504007739488,183.2557778281912,7.22927052621003e-06,37014.698332500804,37197.95410309972,558.5659404999963,16099.23121323678,5984.175333612507,3568.205038318664
2025-08-02,26953.34819297584,495.414238082809,247.7071190414045,0.0,0.0,26705.64107393444,0.0,633.5644760694436,46343.31646469016,45709.751988620716,0.0,16732.770514489363,3568.205038318664,8501.510325744743
2025-08-03,42292.02521877557,62.101807393946316,31.050903696973158,1085.427888920246,3088.3144787295805,46434.71668272842,939.0605026739604,93.2557070195771,65515.50208654234,66361.30688219673,524.3973317327599,1113.4480232098563,8501.510325744743,7680.276196137783
2025-08-04,48135.74472917558,3893.354367092553,1946.6771835462764,1145.219962954461,592.2837802156212,47926.571288799394,575.2617445555547,5731.926006196524,75324.78095951518,70168.1166978742,91.6458596307994,720.6268203532079,7680.276196137783,8110.519063672222
2025-08-05,45619.8559401113,1536.4043617799875,768.2021808899938,606.3077608396377,3.311473258333709,45461.272993319275,815.7303485503376,1252.3002908359067,69993.86600858626,69557.29606630068,0.49011666666672227,655.9305338041095,8110.519063672222,8040.598988242452
2025-08-06,51149.75206600454,3678.250885499863,1839.1254427499316,125.36025063625587,0.0,49435.98687389087,61.42864583334074,4344.128410663663,77567.4895093112,73284.78974448088,0.0,1747.04889767677,8040.598988242452,7643.095150416672
2025-08-07,47422.607163012326,5618.790330592103,2809.3951652960513,561.6050226166203,62.96269741666617,45237.77971774957,379.35420541180787,10216.825663349968,73367.5007539849,63530.02929604674,9.31883333333326,2197.6856538172005,7643.095150416672,2441.8633581471677
2025-08-08,23948.202982742565,964.98991017046,482.49495508523,3.416607796680182e-12,4.890807758783922e-13,23465.708027657336,1.8189894035458565e-12,970.717702179467,40380.23207449059,39409.514372311125,2.2737367544323206e-13,20856.476367045943,2441.8633581471677,2597.307917958059
2025-08-09,26010.042656590587,808.5924403718523,404.29622018592613,129.34001998501796,2.6113013973372293e-12,25735.086456389683,104.7716182638866,739.9172042701259,45152.14369104424,44516.99810503801,1.1937117960769683e-12,17432.354361810747,2597.307917958059,7597.982611213377
2025-08-10,48297.069296147776,3241.6306025494687,1620.8153012747343,8.851714028423884e-13,0.0,46676.25399487304,1.0231815394945443e-12,4024.6471146796757,73779.06553113021,69754.41841645053,0.0,371.27086527778494,7597.982611213377,8111.117649212965
2025-08-11,45510.77933832967,767.2697039467996,383.6348519733998,1577.9360682115816,970.3757600750357,47675.456314642885,1186.7965858528805,795.140117136875,71676.84901553244,72068.50548424845,142.11241508333865,4242.854576439692,8111.117649212965,7699.030635105114
2025-08-12,48667.357290892454,2307.3440286509294,1153.6720143254647,463.6678523490969,2074.5256450458232,50051.878773961915,306.28211112649524,3710.6282988463977,76651.31419785306,73246.96801013316,315.92676666666586,1832.4459512975707,7699.030635105114,7960.968520247577
2025-08-13,43996.168936017144,183.39485032059667,91.69742516029834,1714.796801353763,726.9528651583676,46346.22117736897,1954.8052117040488,301.5669686250026,69294.19745853836,70947.43570161739,108.98480833333826,950.4468596193494,7960.968520247577,8055.963779527305
2025-08-14,43477.47134296883,1481.602591912238,740.801295956119,2082.024604001652,899.0891620432939,45717.78381305765,2420.994006043546,1831.618500624519,65393.38995572754,65982.76546114657,162.88195357520254,2086.6041132912987,8055.963779527305,2734.536063888888
2025-08-15,24451.028055416544,1771.951315912287,885.9756579561436,206.18398614042457,1534.9497479556874,25306.186131556515,170.40231805556073,1986.6104092698288,40660.206694776454,38843.998603562184,588.3366715346369,19420.93559283265,2734.536063888888,2951.4017900887457
2025-08-16,27164.574313668414,2265.306326808874,1132.653163404437,383.75456602583427,594.3192721047292,27009.99498839454,305.7919222222229,2615.1240411568097,46455.4857869541,44146.15366801951,196.26843486111346,19392.32761650619,2951.4017900887457,7852.713525425373
2025-08-17,46539.32815754569,2581.732070314991,1290.8660351574954,794.0949060455162,898.635609170849,46941.19263760457,464.0364735514358,5360.737920952151,74335.75610495123,69439.05465755053,133.31094004167156,2744.9683062179274,7852.713525425373,7757.7967359989125
2025-08-18,45733.250392452814,1266.9410637395315,633.4705318697658,1036.960699241386,809.9233133250048,46946.66387314943,675.9439814958961,1905.216550159572,71282.97565018984,70053.70308152615,171.4816875000016,1781.1594783093387,7757.7967359989125,8060.397816922402
2025-08-19,45165.9215091341,719.2335388610987,359.61676943054937,156.9101039475013,258.77147676666414,45221.986320417716,77.63121666666731,1269.8253503854562,70234.36483335312,69042.17069963433,38.31656666666629,1204.6585638227048,8060.397816922402,7869.649391670911
2025-08-20,48551.44686978759,1414.69138694482,707.34569347241,1069.633420531106,1476.0932824509055,50389.8278792972,610.9568734722244,2511.0711128788776,76356.28976566503,74456.17552625836,263.391878122822,490.07563681662356,7869.649391670911,7608.7751513937465
2025-08-21,44158.35997235931,1065.9369690514532,532.9684845257266,170.43481226750043,17.740065000000726,43813.566365101084,84.2543666666669,1650.2233627588862,67369.94049294517,65803.97149685294,2.6316666666667743,1159.5914193587196,7608.7751513937465,3228.001825401241
2025-08-22,24056.741382830005,1268.1939076400088,634.0969538200044,448.29047075530025,2590.225318954833,26461.16021872013,277.338988658861,1470.117287251971,40172.133866433265,38979.355567840146,524.3468885490388,16102.960864867022,3228.001825401241,2696.54319987197
2025-08-23,25235.162689016703,54.79884079323815,27.399420396619075,1115.3389127862408,1.0900521374423987e-11,26323.10218140633,645.1933522763077,104.90070254018786,45171.21662056938,45711.5092703055,2.4442670110147446e-12,14853.409870558988,2696.54319987197,7889.314941937447
2025-08-24,45076.644945752094,157.71046453985332,78.85523226992666,142.57006074577538,8.644739324381589e-12,45140.35977422795,111.85205962844702,261.0619264647298,69390.87796775468,69241.66810091841,4.0471626050475605e-12,1097.735964748981,7889.314941937447,8260.91019817077
2025-08-25,57350.857540934856,7462.992937618681,3731.4964688093405,46.18070044749989,167.72072033333208,53833.262492906346,22.812883333333275,10767.032052458997,89212.98657246001,78468.76740333435,24.865933333333146,3737.172804759864,8260.91019817077,8295.90477592509
2025-08-26,46310.64773368213,803.6229621177408,401.8114810588704,62.50362894500012,100.21558826666671,46071.55546983494,30.861916666667028,883.8102013659029,70653.50717527262,69800.55889057339,14.365766666666673,413.4018620287869,8295.90477592509,8288.947110507406
2025-08-27,45253.31964678722,313.6258661371336,156.8129330685668,3666.570070266116,6.6336048654136455e-12,48763.076783984776,3877.3858706206993,307.14815444877206,69681.85850972893,73252.09622590087,3.0839331088827747e-12,1808.153625373324,8288.947110507406,7978.460304879444
2025-08-28,41483.824871961755,119.88310843527213,59.94155421763607,6828.013825445123,143.11801965277635,48395.01516284202,7321.609253199622,113.61882531136496,62788.76013056777,69996.75055845603,21.231861111110902,767.0471281257544,7978.460304879444,2999.2859667946086
2025-08-29,25233.871019901555,187.71797465254002,93.85898732627001,0.0,1.6538521663278515e-12,25140.012032575287,0.0,195.6496321266801,42044.74761721219,41849.09798508551,5.826450433232822e-13,16105.607357943933,2999.2859667946086,3450.1355439512226
2025-08-30,27079.859863972648,1233.7753042014565,616.8876521007282,43.06096194287445,4.866933522862383e-13,26506.033173814798,23.31463328345353,1547.1209694181193,46593.54314179471,45069.736805660046,1.7053025658242404e-13,19526.335903806586,3450.1355439512226,7414.142547969855
2025-08-31,45563.48189602329,88.81109223755628,44.40554611877814,1975.6816554180273,769.6071929020907,48264.36519822462,1383.9822133188152,155.4844562917333,69738.86349524817,70967.36125227525,155.18152083333626,49.80583333333515,7414.142547969855,8065.250211744853
2025-09-01,48942.737024591064,3464.693426689926,1732.346713344963,602.1504652005376,0.0,47812.540776446636,387.11813989290437,5670.0845359831055,77752.77045068337,72469.80405459317,0.0,12855.168477802883,8065.250211744853,10800.0
2025-09-02,42368.84624543045,1009.2604783817484,504.6302391908742,1937.0926178694529,0.0,43801.30862410903,2002.0368185373177,1808.9434951686767,65646.2085909976,65839.30191436624,0.0,8376.513057318913,10800.0,10800.0
2025-09-03,45789.93446930157,1896.587765423732,948.293882711866,454.51076454819855,0.0,45296.151351137894,320.33499272018014,2721.613679606004,70429.57938340688,68028.30069652107,0.0,9455.701685924347,10800.0,10800.0
2025-09-04,43528.17834900936,2693.628034991105,1346.8140174955524,155.8753261000068,0.0,42337.23965761382,77.06460000000396,3864.827824226665,63693.35788321165,59905.59465898499,0.0,6998.269913449094,10800.0,6796.767631716253
2025-09-05,22158.44083291327,1321.3688688105099,660.6844344052549,6.597099400096339e-12,0.0,21497.756398508023,8.29913915367797e-12,1294.4876931099443,36029.52700287667,34735.03930976673,0.0,25302.117162029666,6796.767631716253,6872.191299232318
2025-09-06,24739.239794957382,930.6520539728685,465.3260269864343,2.1391997506725603e-12,0.0,24273.91376797095,2.5011104298755527e-12,952.0120864791631,42058.38543081591,41106.37334433675,0.0,26342.306730861208,6872.191299232318,10800.0
2025-09-07,41935.28968794003,904.117522959703,452.0587614798515,2709.9723882344806,0.0,44193.20331469465,3306.1583276761176,1382.699789692807,63776.74930175601,65700.20783973933,0.0,7311.362497342079,10800.0,10769.094444444445
2025-09-08,38699.25835933231,94.7095804243644,47.3547902121822,978.1139246159793,919.6212583499993,40549.6387520861,694.6496021505645,212.10238579937374,61841.86551256142,62324.412728912605,178.32815416666654,2703.2791900108896,10769.094444444445,7535.566814173543
2025-09-09,35578.772148041055,80.18087709051184,40.09043854525592,2214.6189455068725,2651.5375884695477,40404.83824347222,1851.9745365423669,165.44234427462482,56960.10890220429,58646.641094472034,580.2049642645222,2064.001813374489,7535.566814173543,7655.915812777776
2025-09-10,40018.18392211564,199.18781141868075,99.59390570934038,1937.3643296141354,1851.85932981919,43707.81367583963,1765.7883990022247,353.41686093213787,65125.790531806066,66538.16206987615,405.4074102008402,1443.2444046027379,7655.915812777776,7803.843908518517
2025-09-11,39188.22556798201,4241.265317094212,2120.632658547106,314.02411214429793,54.54118380501191,37436.15820538421,188.81553584676794,6944.3443198901705,60744.88414563649,53989.35536159309,11.05079197751229,1452.3249467077972,7803.843908518517,3359.280294629611
2025-09-12,17056.674800857694,249.12731321164998,124.56365660582499,802.7236313851186,656.9567652317317,18391.791540868715,623.6933014890383,213.6173765935049,30773.789350183222,31183.86527507875,176.74170384430465,17500.96827727778,3359.280294629611,2897.828455130418
2025-09-13,20010.044875909778,36.48139904504386,18.24069952252193,307.9410131879796,1.2773995194947929e-12,20299.74518957524,225.01234185033093,63.83020905699654,37944.07909118835,38105.26122398168,2.7000623958883807e-13,20860.903463954193,2897.828455130418,8696.733273839447
2025-09-14,43001.2726016942,1812.2544943330029,906.1272471665014,324.70557551848924,855.2175608199016,43275.0684908661,207.9694083384856,2267.5288983553287,68630.9298271297,66571.37033711286,165.03600196843266,3431.7740196625105,8696.733273839447,8121.093164444445
2025-09-15,37926.91815199051,204.12907803446586,102.06453901723293,563.3575847391977,2661.8773723984023,41050.088570110885,393.68015307406904,318.5539641930716,60531.70809978602,60606.834288667014,492.13429683332953,1390.160874473944,8121.093164444445,8627.26602
2025-09-16,44223.100585419306,4877.926955135042,2438.963477567521,790.9355141327303,35.66914387852349,42610.74176586304,513.6129804256981,7481.382037360217,70954.72216739759,63986.95311046306,9.18834206041306,1264.5579899228346,8627.26602,7918.94110470926
2025-09-17,42617.70682346645,2440.1160980052655,1220.0580490026327,178.70340581095567,34.708893749999724,41611.06107402477,107.20054621833759,3343.1642306372028,67743.49698138652,64507.53329696765,7.629166666666606,753.3617108858168,7918.94110470926,7667.791130240016
2025-09-18,35966.53845312876,381.324838059815,190.6624190299075,3186.364352085079,2499.397257074312,41461.63764325824,4048.0877340738725,420.3202102507753,55599.17198651294,59226.93951033604,543.7006870163253,1369.152578468093,7667.791130240016,3457.4171674074078
2025-09-19,17878.57794254941,35.40574443996477,17.702872219982385,204.0164540641553,541.4676429571402,18606.359167350725,131.48826969456158,87.91554481721744,32775.02931224211,32818.60203711946,142.02436545026848,13106.832003125312,3457.4171674074078,4235.073961666638
2025-09-20,19711.150427180568,527.4843129772278,263.7421564886139,82.73386744292391,4525.07950583942,24055.2216439743,72.43320694444897,563.1182264314596,36309.48788060448,35818.80286111747,1036.337779915483,14175.07345225157,4235.073961666638,8066.644956371934
2025-09-21,43961.88239301779,4411.28187755196,2205.64093877598,53.9728612499999,1514.7430242199925,43324.95733971179,26.674999999999955,7463.787685769526,71400.26534242899,63963.15265665946,330.01548073935703,1813.4904792009686,8066.644956371934,8249.193130555555
2025-09-22,46619.39045106721,6579.577195751443,3289.7885978757213,0.0,2135.716887154294,45465.31874034578,0.0,10951.712097137897,74614.91668782578,63663.204590687885,447.57184716664966,128.63026366602506,8249.193130555555,7716.499038888888
2025-09-23,46466.09769386493,3534.154735168032,1767.077367584016,110.80876275000195,2283.597015336379,47093.426104367296,54.7650000000016,6021.478829055253,74771.46744772959,68804.75361867435,455.9419389409433,2645.8638153120755,7716.499038888888,8166.234840000005
2025-09-24,39308.159708751846,173.92396639629544,86.96198319814772,2593.122083310654,777.4118099175012,42591.73161878186,2411.6183803487593,274.54901313341577,62827.18454552468,64964.25391274002,177.80865633333377,174.2726535332501,8166.234840000005,8049.010941296298
2025-09-25,42056.535677612315,1392.6731888931229,696.3365944465614,866.1464263744359,156.29417279999996,42382.63968234019,763.7445858691748,2956.047896880046,66418.15741025377,64225.8540992429,54.76319999999998,3697.7326676935777,8049.010941296298,4716.766245261676
2025-09-26,18640.622130086947,1065.3391909229388,532.6695954614694,0.0,0.0,18107.952534625478,0.0,1184.7072372827706,33253.77329019279,32069.06605291002,0.0,11484.108732304541,4716.766245261676,4663.060295376812
2025-09-27,19506.993434034055,241.18852975849987,120.59426487924993,589.646912352837,2971.5309342455885,22947.57701575323,435.42130744630924,341.1150101629354,36094.24036619654,36188.54666347992,766.5899008296027,12930.12618166869,4663.060295376812,7596.166617962964
2025-09-28,44196.99719816375,1372.3107876477893,686.1553938238947,766.956808810686,1313.7026273585038,45591.501240509046,528.1580079861097,2684.4647263326424,71283.0639235679,69126.75720522137,310.5054931388943,1120.0198378230768,7596.166617962964,8393.75638463588
2025-09-29,48515.74608380661,6684.526801728767,3342.2634008643836,186.63011168500074,2595.428281507152,47955.541076134374,92.27383333333387,9609.098578269099,76470.2797074519,66953.45496251615,509.59517036524477,747.3176029321048,8393.75638463588,8198.711142037037
2025-09-30,47724.10055018957,3353.7086063174916,1676.8543031587458,81.17193865001101,2348.90116279654,48477.31934847737,40.11640000000766,4608.077923153094,74682.61830601841,70114.65678286532,464.0988190740402,1196.2231193545804,8198.711142037037,7974.661411896651
2025-10-01,38971.5702550283,1807.5837526416337,903.7918763208169,678.9079574318025,391.7071596122495,39138.39349575153,514.898875975679,2465.3702580497693,61504.055022997716,59553.58364092363,180.29594866666648,4173.753368092747,7974.661411896651,10001.89804680897
2025-10-02,44518.94263715194,7527.714341854688,3763.857170927344,44.43613825000015,3.1665682421867643e-12,40799.52160447459,21.961666666666815,10664.57318120879,67985.31680008228,57342.705285540156,7.204113848678794e-13,5905.732729234076,10001.89804680897,6479.996805208028
2025-10-03,16212.548527800398,126.15010424068882,63.07505212034441,507.9620321908242,91.46288477916656,16748.898392650044,350.87112897166924,138.54473748634575,29677.78856031226,29890.114951797583,19.497958333333315,19159.352370027438,6479.996805208028,6525.547669827105
2025-10-04,20385.04877005313,631.3151893833956,315.6575946916978,7.65241749565867e-12,108.79473400812435,20178.18590936956,3.8683674856768844e-12,869.0748092146748,36909.12898702544,36040.05417781077,22.063422025577843,16281.776863786004,6525.547669827105,10082.432770544914
2025-10-05,41416.553614999924,2985.1995127290247,1492.5997563645124,799.9482118748374,428.7290617044467,41152.631132214694,646.0148934558165,4690.004037750536,65349.42775404079,61305.438609746074,196.51029209276115,3111.0704574866495,10082.432770544914,10131.929267720434
2025-10-06,37299.2255651888,48.00860033333344,24.00430016666672,3555.4824230041995,140.86880958334348,40971.57249760967,3432.401335471037,114.22000000000025,58226.31811638955,61544.49945186058,42.68751805555863,283.35567533830255,10131.929267720434,9937.544966915597
2025-10-07,41552.491111612355,828.5131409733372,414.2565704866686,792.5120061578997,0.0,41930.74654728359,599.7287389051039,1279.0723294963227,65444.17749973982,64764.83390914861,0.0,3307.4885826280765,9937.544966915597,10106.13135797139
2025-10-08,35433.645656476554,498.2755715876184,249.1377857938092,1383.6698763539816,759.5429422828327,37327.720689319554,1127.8622268562672,1119.4936654835462,57788.91954638414,57797.28810775686,159.19488566666652,127.29162808642187,10106.13135797139,7626.421848516756
2025-10-09,45758.2021754974,10208.3285003205,5104.16425016025,1006.6707133828696,395.0431235553501,42055.75176227536,530.2279183489218,16200.940364622867,73433.44119683684,57762.72875056289,63.376205333336365,518.2901467595052,7626.421848516756,5306.695553888891
2025-10-10,16563.644701229987,956.9562968503659,478.47814842518295,1246.7389585530698,2.8377620253650094e-12,17331.90551135788,723.0264821805453,1178.908084138574,31868.588047097677,31412.706445139644,1.3358203432289883e-12,18800.727455092594,5306.695553888891,5480.181357820596
2025-10-11,17823.313347519328,511.8282014672026,255.9141007336013,882.2958219834604,0.0,18449.695068769186,522.5569147131323,589.3822188047452,34829.98463067944,34763.159326587825,0.0,14491.245744418837,5480.181357820596,8252.048060340421
2025-10-12,40722.771669063804,1146.1058707603543,573.0529353801771,1369.4900879372972,892.4544200483551,42411.66324166928,870.3324318696793,2451.2305386666667,66211.01699015721,64630.11888336022,168.09671883030353,3088.9885604529823,8252.048060340421,7807.667838394445
2025-10-13,42573.19518625474,3107.8278896086003,1553.9139448043002,552.9441049224978,651.806468650625,42224.03181502357,293.02153416666556,5251.89788482853,68851.45891025034,63892.58255958848,163.87021178642104,2716.4305654093355,7807.667838394445,8256.174391542585
2025-10-14,44141.16770690338,3261.1334615918154,1630.5667307959077,3.4487101174818235e-12,0.0,42510.600976107475,2.8990143619012088e-12,5486.73248301282,70801.13410555183,65314.401622539,0.0,747.5659809971568,8256.174391542585,8025.598119629632
2025-10-15,44187.888730337116,2358.2312193689268,1179.1156096844634,3.180747398801031e-12,274.24787884641444,43283.020999499066,1.8189894035458565e-12,2215.206412396107,69435.95842678189,67220.75201438578,127.87374512499895,1678.6795350059715,8025.598119629632,7841.376160438969
2025-10-16,40637.23634716986,51.23188980262213,25.615944901311064,1097.2097414592204,581.9720068960598,42290.80215062384,891.4929601523563,50.54713560189077,62945.91508978385,63786.86091433432,95.86854049999688,38.49358194444446,7841.376160438969,5060.863179232999
2025-10-17,15419.831633029939,1.984878269922774e-06,9.92439134961387e-07,1850.6503862432173,0.0,17270.482018280716,1476.4755576150787,4.703503009295673e-06,30234.5106902642,31710.986243175776,0.0,12639.712283333334,5060.863179232999,5119.958486620782
2025-10-18,18849.18388316998,723.1617010375301,361.58085051876503,289.7486015943606,0.0,18777.351634245573,265.4160634444461,715.388959640471,35464.971828165864,35014.998931969836,0.0,12579.426581587375,5119.958486620782,8186.198365180797
2025-10-19,48693.1103899412,5275.807913473956,2637.903956736978,41.788709420002256,249.52229812280459,46346.51744074703,31.809933333334868,7293.48955032155,76057.38125319916,68795.70163621093,56.74858355812801,1567.1239796006957,8186.198365180797,7680.492260925761
2025-10-20,51947.63328177076,7188.730001721178,3594.365000860589,4.319394975027535e-12,0.0,48353.268280910175,2.9558577807620168e-12,8432.864397631696,80124.83856594677,71691.97416831508,0.0,4008.6532064472003,7680.492260925761,7026.427728969055
2025-10-21,43118.32233350427,214.39661174496698,107.19830587248349,3702.8467935082926,0.0,46713.97082114008,4371.79558008087,170.8817182309627,69345.98413253197,73546.89799438188,0.0,1890.0816051440365,7026.427728969055,8024.915515483412
2025-10-22,48193.04944172523,4106.983947917006,2053.491973958503,7.469054708053589e-13,297.85466518657734,46437.4121329533,9.094947017729282e-13,5470.3444846885,75817.80648625302,70347.4620015645,60.824603097228696,1750.470500565858,8024.915515483412,7026.838910667331
2025-10-23,54606.34416342819,13098.38143279077,6549.190716395385,329.8931804750433,483.73590436633685,48870.782531874196,189.37020516667621,19645.473410348677,85769.43295214913,66313.32974696712,96.44133467406539,1080.1486694273144,7026.838910667331,5037.163472257991
2025-10-24,17371.428703829173,353.82641726990585,176.91320863495292,132.5367277253802,558.0457358550292,17885.09795877463,125.86643250041298,416.31194304094845,32743.12564440556,32452.68013386503,119.86666666666851,11102.779718787711,5037.163472257991,4868.901005842542
2025-10-25,19679.389691590346,1338.7260961842983,669.3630480921491,3.0927367333788426e-13,1459.8153710630286,20469.842014561225,2.2737367544323206e-13,1512.0968792499996,37051.78620722829,35539.68932797828,264.6512590925933,11234.603486196847,4868.901005842542,6678.26773777778
2025-10-26,45634.03240974219,4277.48011732118,2138.74005866059,2951.3739659116113,360.72859387231466,46807.39491086552,2474.0147633128972,6254.619505713584,73951.89774889918,70171.29300649851,123.79879315277505,183.38152498186136,6678.26773777778,7968.156748518516
2025-10-27,40618.59210430662,263.93512929958126,131.96756464979063,4525.156400345439,182.44354788372948,45194.22448788601,4353.308365143839,583.9276703702599,65491.08078588821,69260.46148066179,73.01033383332911,1866.1502038504693,7968.156748518516,7774.315046180457
2025-10-28,40629.59654787911,53.09275612937539,26.546378064687694,4760.036656847551,815.596536833867,46178.683363495846,4532.581993055061,95.03985859624419,65648.65033989209,70086.19247435092,150.18194091163946,384.53768079562593,7774.315046180457,7612.475528532136
2025-10-29,45869.18349026598,341.472589050295,170.7362945251475,1142.9318084311965,58.10974242600126,46899.48874659803,826.6419140579867,645.1800908350107,74271.43304845536,74452.89487167835,12.44970150000149,873.9746156020907,7612.475528532136,7552.97892333334
2025-10-30,39807.17957940713,438.6109419047463,219.30547095237316,4574.908422910605,1706.4055396475833,45869.18807101294,4522.010207671954,540.5597205115432,62901.29768529355,66882.74817245395,374.9055493866717,200.09538389917788,7552.97892333334,5802.475719566844
2025-10-31,18400.65426728307,428.90500332655085,214.45250166327543,8.816115837362303e-12,0.0,18186.2017656198,5.9685589803848416e-12,439.0873361304678,34272.383973158234,33833.29663702777,0.0,6272.253472427985,5802.475719566844,6094.660918111214
2025-11-01,17521.13375389086,31.761092844972488,15.880546422486244,1731.903697234607,777.3459564705199,20014.5028611735,1269.905219567907,75.79789542620065,34302.15530777149,35496.262631913196,207.12582738888608,7299.549179629627,6094.660918111214,8524.800328190502
2025-11-02,45202.309310131495,649.7007692886974,324.8503846443487,1014.5014393053157,893.2151804628033,46785.17554525526,978.1173671239183,779.671712616215,72383.53001166058,72581.97566616829,145.15136792143838,393.78168425034335,8524.800328190502,7739.9053668518545
2025-11-03,48668.76513384892,2240.7948357857417,1120.3974178928709,82.76156197153288,0.0,47631.12927792759,64.77193287499807,3723.462103058154,78570.2463560382,74911.55618585506,0.0,825.8470057441632,7739.9053668518545,8080.036075049332
2025-11-04,45789.004050716816,1252.8125852433218,626.4062926216609,472.0309408602244,1255.1297534488203,46889.758452404196,383.6405573890769,1739.3736336351117,73178.05826771629,71822.32519147024,215.58770920485642,543.4659219937971,8080.036075049332,7858.324599621844
2025-11-05,50226.932217582565,3153.459884925991,1576.7299424629955,11.229038000000275,1305.2297806737379,49966.66109379331,8.546666666666852,4705.926331002726,79675.63033648979,74978.25067215374,266.2521529166641,710.2323494822173,7858.324599621844,8331.057387407425
2025-11-06,46020.79277951349,31.325527318558986,15.662763659279493,580.9406426338826,1300.6601430916062,47886.7308015797,636.6866672405793,57.77314167440613,72708.40644499658,73287.31997056276,284.27105122222105,701.1785814088372,8331.057387407425,5769.071021851845
2025-11-07,17706.442593251686,15.326969726316033,7.663484863158017,893.2319134055317,1622.1924025734725,20214.203424367533,548.1591244668771,36.40396909555949,34147.451719869314,34659.206875240634,370.034755909827,7364.930868428091,5769.071021851845,6597.542088403643
2025-11-08,18330.185345627768,25.081978829694243,12.540989414847122,148.24148101600704,5.63971269684771e-13,18465.88583722893,123.43888291287712,60.11779043714403,35313.74278742736,35377.0638799031,2.6219026949547696e-13,6780.460145198904,6597.542088403643,7892.0472179656335
2025-11-09,48471.57584012706,862.3967291684063,431.19836458420315,18.423595055000142,20.894031208333217,48079.69510180619,14.022650000000112,1272.228739237221,77420.1504472141,76161.94435797687,9.513349999999946,302.37742670799713,7892.0472179656335,7999.26253887567
2025-11-10,48861.13702103111,1544.829626644551,772.4148133222754,3576.887055461835,587.1676593914818,52252.776922562145,3622.790467812786,1995.9073567690598,77837.05591577858,79463.9390268223,131.8859446666628,1654.0262476064624,7999.26253887567,7802.53420499999
2025-11-11,50927.183496847865,2784.5848379715917,1392.2924189857958,1.2705527296930086e-12,0.0,49534.89107786207,1.0231815394945443e-12,4160.512302822091,80402.32364476184,76241.81134193974,0.0,395.9883920558781,7802.53420499999,7906.263083813297
2025-11-12,48392.324611615404,1406.584444142634,703.292222071317,1835.7940191080384,0.0,49524.82640865213,1914.6411826959777,2254.0706961050473,77089.06398525409,76749.63447184503,0.0,1596.768570057283,7906.263083813297,7838.779024465164
2025-11-13,46982.100520061475,192.3905816603881,96.19529083019405,2233.5909563074883,2438.263708408028,51557.7598939468,2380.772509325291,429.612870695934,74067.22246967418,76018.38210830351,503.9752686365474,591.1836439726011,7838.779024465164,7482.457368897748
2025-11-14,18265.255266500073,20.745070064480412,10.372535032240206,1481.7663165992392,0.0,19736.649048067073,1295.9379087068648,49.403255275080255,34309.944004990335,35556.478658422115,0.0,4787.938742834549,7482.457368897748,7307.983138518533
2025-11-15,20003.181015170332,866.9868467215202,433.4934233607601,695.0258612059148,0.0,20264.713453015487,394.17480919193025,1254.0606742513746,38077.81566527458,37217.92980021513,0.0,4717.144970709164,7307.983138518533,7986.086632293513
2025-11-16,48525.881661933556,47.87793439685088,23.93896719842544,3057.900441246896,0.0,51559.843135982024,2612.5884062341,103.61829687492582,77107.59894481691,79616.56905417607,0.0,711.8612621398815,7986.086632293513,8135.0373201599705
2025-11-17,46825.422621214464,4.834873834624886e-13,2.417436917312443e-13,4375.812264495769,4.779696638479436e-14,51201.23488571023,4965.550439584698,5.684341886080801e-13,73954.71838956849,78920.26882915318,2.2382096176443155e-14,1971.7194379399482,8135.0373201599705,8122.9367271079445
2025-11-18,48838.810214896075,380.5953952301407,190.29769761507035,2269.63773500436,8.893721314962022e-12,50918.15025228537,2176.6379210879154,557.0269319444465,77755.1214098737,79374.73239901716,2.2737367544323206e-12,168.06481352880465,8122.9367271079445,7918.299550288887
2025-11-19,49109.215054931716,597.1072135076255,298.55360675381274,4622.588820316765,6.301057500002554,53439.55132599467,4784.4977185541275,807.2020066178231,77349.1525341442,81326.44824608052,1.3850000000009004,1799.4307119023708,7918.299550288887,7764.839847278429
2025-11-20,48613.50814261163,63.354097145635066,31.677048572817533,2054.4521121278685,63.96559366671884,50700.248799833396,2513.6241436733085,77.33084332713292,76870.39589401064,79306.68919435682,14.65229577546836,333.14896239713994,7764.839847278429,7412.648451315412
2025-11-21,18349.288270513513,148.1843544481999,74.09217722409996,879.0908477164892,252.94375835816672,19407.23069936407,780.2152984383988,213.03508427766286,34326.653330588226,34893.83354474896,114.91779766666669,3074.284834690185,7412.648451315412,7083.209346022587
2025-11-22,21423.047515312024,902.2775547904129,451.13877739520643,13.019385990388086,0.0,20984.928123907204,7.099288941811494,1612.0044277634956,40768.652476473835,39163.74733765215,0.0,4478.258778416054,7083.209346022587,7918.119705270266
2025-11-23,50574.14203858159,156.20763210029418,78.10381605014709,2200.794185749716,0.0,52696.83240828115,1874.9296055277778,196.7416922896508,80634.98659692763,82313.17451016576,0.0,1786.8355639996612,7918.119705270266,8777.639171851853
2025-11-24,47742.57696883296,3.496354476251363,1.7481772381256815,1759.6132752139292,1002.899715900138,50503.34178270891,1388.198719740065,8.500740277778732,76125.40231445045,77505.10029391272,187.56184516460914,32.257781424926904,8777.639171851853,7890.742750555559
2025-11-25,56725.5767854432,5361.004083736255,2680.5020418681274,0.0,0.0,54045.074743575075,0.0,7610.779196765954,88839.06642185494,81228.28722508898,0.0,909.1250526479689,7890.742750555559,7702.984581660341
2025-11-26,54446.8641911537,2365.5264133255123,1182.7632066627561,812.3358004790813,105.28304866667357,54181.71983363669,647.2061145077122,3297.4898474601214,86167.97492173885,83517.69118878644,22.4771666666697,1570.9713337056662,7702.984581660341,8342.398791481477
2025-11-27,52009.92751250555,1499.5728636321537,749.7864318160769,1030.1813861664407,2.0035706427279366e-11,52290.32246685594,1357.4048724137756,1947.939433584799,81089.9524346066,80499.41787343558,3.730349362740526e-12,1225.3481902325343,8342.398791481477,7493.020370903587
2025-11-28,19373.552469307382,160.46225181087888,80.23112590543944,50.092874306836315,1257.836535258636,20601.25075296742,35.78573675299066,218.1330061165914,36575.09385511538,36392.74658575178,207.7350164966016,1899.332473305485,7493.020370903587,7630.077052191137
2025-11-29,24462.795541868098,2966.1404187989674,1483.0702093994837,9.26765011399766e-12,0.0,22979.725332468624,7.87281351222191e-12,5763.621926182828,46717.99205458356,40954.37012840075,0.0,2310.3568723795074,7630.077052191137,7859.561031021649
2025-11-30,53991.74199162911,719.7162535564571,359.85812677822855,1209.5853752191642,1.7646019756512034e-11,54841.46924007006,1081.2579013996751,1503.064317559712,85626.45612964433,85204.6497134843,5.165645688975928e-12,134.8534388888894,7859.561031021649,7983.715656980329
2025-12-01,56790.828559612855,1019.9506245772113,509.97531228860566,577.6766025663926,16212.109443532438,73070.63929342307,291.2575577587403,1629.4243141096536,88460.8955039928,87122.72874764189,3542.537253331281,8.618583333334072,7983.715656980329,7861.399569999998
2025-12-02,58689.484300597556,2258.5678826754224,1129.2839413377112,1535.4853842031412,18007.830846949808,77103.5165904128,1046.1770357720338,3508.0230192179597,91897.99293421695,89436.14695077101,3926.191909325331,368.90298055555587,7861.399569999998,7715.040589074074
2025-12-03,51443.67389577739,20.248734657876785,10.124367328938392,7491.131605911783,13229.172323762878,72153.8534581231,7008.4414519471975,29.350247709758378,81086.94697180501,88066.03817604244,3446.5105327524902,4.114011111111822,7715.040589074074,7495.002148218627
2025-12-04,56608.1176089763,2455.5261179510308,1227.7630589755154,2667.180058491549,18946.90756301864,76994.44217151098,1791.1241158873513,3284.078567062591,88607.33007768693,87114.37562651168,4224.140352589117,88.14354583333329,7495.002148218627,7469.150480114262
2025-12-05,21409.15988964244,0.0,0.0,2358.6807920269703,10098.180506528071,33866.02118819748,2184.7517049919616,0.0,40998.870740520426,43183.62244551239,2267.542621832817,58.933972222222565,7469.150480114262,7615.583855178217
2025-12-06,22774.017554236554,4.726386862531552,2.363193431265776,1259.9001252825908,13743.343471763284,37774.897957851164,1172.7871928397624,10.590156537151529,43846.51097669564,45008.70801299824,3058.750023946024,52.587712500000066,7615.583855178217,8064.151534168357
2025-12-07,58593.46604728722,1275.9158009618218,637.9579004809109,709.1820838247784,12218.309523510541,70882.99975414164,369.34794999851783,2448.4244240155713,91568.85883584242,89489.78236182538,2744.1274322280487,88.86484340371862,8064.151534168357,7888.099974444445
2025-12-08,65135.80274193229,979.0817547752001,489.54087738760006,221.52600441207716,109.69095881666682,64977.47882777343,129.7279950322736,1711.484442020864,101480.35315448018,99898.59670749158,17.94388333333336,7218.981199581686,7888.099974444445,8318.454208518518
2025-12-09,64524.027160239944,2337.7179560506274,1168.8589780253137,732.6608762990276,0.0,64087.829058513664,458.98038779831734,2975.700820477236,99981.64236073966,97464.92192806074,0.0,5430.333713326256,8318.454208518518,8382.009845922708
2025-12-10,60988.26484224911,134.7328696516722,67.3664348258361,1397.8430954536589,0.0,62318.74150287694,1669.406773828083,194.12439312886184,95366.44622488142,96841.72860558066,0.0,4292.767953323224,8382.009845922708,7978.178031659254
2025-12-11,64624.24028761885,2511.759061536358,1255.879530768179,4.579705148444191e-12,0.0,63368.36075685068,3.566924533515703e-12,3389.9457812703126,100178.4094963402,96788.4637150699,0.0,6137.9000417866855,7978.178031659254,8270.856835618282
2025-12-12,27368.914553159633,356.02246956379764,178.01123478189882,1160.2311880935222,51.68777667413965,28402.822283145393,1538.4007651646323,785.7809777536097,52063.384656130496,52816.00444354152,11.03143243498872,5777.261903793173,8270.856835618282,8037.737480097662
2025-12-13,28484.523630435047,855.3756060851634,427.6878030425817,302.24394808003655,0.0,28359.079775472503,282.19306657577647,1452.390605486658,53843.83669130336,52673.63915239248,0.0,5065.691702340246,8037.737480097662,8311.317803648306
2025-12-14,60989.59927721371,32.255200022773955,16.127600011386978,955.3334333195247,0.0,61928.80511052185,995.8923778057238,35.11541162366484,94968.75960119328,95929.53656737533,0.0,2601.609024561723,8311.317803648306,8294.32995954716
2025-12-15,60400.95168365943,1.8509364829857764,0.9254682414928882,1633.0359762750518,305.97533500206384,62339.03752669504,2000.4211132074308,1.9751749898473179,94273.3436035639,96271.78954178149,62.61040473251114,2487.6839859976203,8294.32995954716,8067.728410472106
2025-12-16,64923.32235953034,1470.0950866677822,735.0475433338911,1.8284509906152378e-11,0.0,64188.27481619648,1.4438228390645236e-11,1922.2734652814543,99860.38613845271,97938.11267317129,0.0,4028.787059226818,8067.728410472106,8242.303948486655
2025-12-17,63794.67297078698,2341.356822420051,1170.6784112100254,177.96909347848023,192.002467329247,62993.96612038469,157.29640614064937,3352.8532955259257,99937.94800767313,96742.39111828787,39.294330166666015,4141.805334384509,8242.303948486655,8170.2380250000015
2025-12-18,60852.14756146619,217.1741622800178,108.5870811400089,759.4247811880081,28.45424411746953,61531.43950563166,664.1569963334398,409.0593511659935,94989.3159732653,95244.41361843275,6.086153226114808,3251.1805732453577,8170.2380250000015,8186.685588742241
2025-12-19,26655.85828806663,726.0799026377438,363.0399513188719,6.153584308776771e-14,0.0,26292.818336747758,5.684341886080802e-14,1456.6328971937883,49298.8105705629,47842.17767336911,0.0,1701.6325755508337,8186.685588742241,8005.565191347644
2025-12-20,27997.416781544154,1082.7200999403556,541.3600499701778,4.690775767812738e-13,0.0,27456.05673157398,3.410605131648481e-13,1762.0773777341265,52586.8670769424,50824.789699208275,0.0,4114.537562714711,8005.565191347644,8177.36470413007
2025-12-21,64165.43169022621,2027.7720256044,1013.8860128022,615.7728425245739,0.0,63767.31851994858,517.840104083353,2636.0472696900074,98420.21494011798,96302.0077745113,0.0,2869.777423652837,8177.36470413007,8256.547518107278
2025-12-22,62378.85547791819,190.07629622150068,95.03814811075034,389.21709300339364,494.2573871597273,63167.29180997056,354.081408382153,206.05306456975018,96573.60821565046,96721.63655946287,106.32663333364076,3680.104205803372,8256.547518107278,8023.204455
2025-12-23,64048.83574834671,1790.6840861243,895.34204306215,2.8319107059360244e-12,0.0,63153.49370528456,3.183231456205249e-12,2531.8809436155775,99323.10063553142,96791.21969191583,0.0,4903.6687531765565,8023.204455,8327.323299826765
2025-12-24,63503.95287857135,513.2624535471266,256.6312267735633,3.961315542255761e-12,0.0,63247.32165179779,2.1600499167107046e-12,657.7788134750069,97990.84531959417,97333.06650611915,0.0,5286.622893349159,8327.323299826765,8148.0256344473655
2025-12-25,60648.47654095734,204.6311663048483,102.31558315242415,1118.5576081315935,8.687095487402984e-13,61664.71856593651,945.4191183692353,267.107481778537,94523.18662152565,95201.49825811633,1.4210854715202004e-13,2986.8913483332944,8148.0256344473655,8071.50181592591
2025-12-26,26320.866178174896,54.153653266677786,27.076826633338893,244.42195354640631,0.0,26538.211305087967,373.29039606519643,118.19155304996775,49957.75016238262,50212.849005397846,0.0,2741.9213747683016,8071.50181592591,8705.990637502382
2025-12-27,26798.435827823083,48.92599754566487,24.462998772832435,1.5980390344338958e-13,0.0,26773.97282905025,1.1368683772161603e-13,53.15603170011565,50391.49569362579,50338.339661925675,0.0,3607.847786917012,8705.990637502382,8520.92991990558
2025-12-28,62113.334173119016,606.6491861684758,303.3245930842379,158.93201242363395,0.0,61968.94159245841,83.67586581975405,818.4305806998816,96529.19910229479,95794.44438741467,0.0,4534.116789832101,8520.92991990558,8571.218132322143
2025-12-29,61023.80664638482,33.31605880664109,16.658029403320544,1516.2724015596589,0.0,62523.421018541165,1638.937954796761,26.5234127908941,94819.56899964903,96431.98354165489,0.0,4699.015660212408,8571.218132322143,8416.50043999995
2025-12-30,61321.69333418043,346.78554063573154,173.39277031786577,1.595967091816419e-11,0.0,61148.30056386258,9.322320693172514e-12,645.5346587498539,95624.09107071129,94978.55641196146,0.0,4278.128154496137,8416.50043999995,8465.614367558366
2025-12-31,62184.6544690427,447.7538626862722,223.8769313431361,1328.4116799330798,0.0,63289.189217632644,1114.5017137845482,854.8169270747733,96593.83179359822,96853.516580308,0.0,3712.87423762855,8465.614367558366,8493.71965869767
