date,plan_cost,refund,penalty,extra_cost,emergency_cost,total_cost,increase_total,decrease_total,expected_emergency_cost,emergency_total,unused_total,soc_start,soc_end
2025-02-01,20086.194224411167,651.2233421861238,325.6116710930619,8.467594625471974e-13,1.2387317838147284e-11,19760.582553318116,7.958078640513122e-13,860.2927357046528,708.2795367881904,7.275957614183426e-12,3418.4804139537027,6000.0,10632.541716412947
2025-02-02,62037.589416046874,2393.465225555159,1196.7326127775796,213.89838549500664,0.0,61054.7551887643,104.1350861111157,2905.117283980873,911.638202661669,0.0,3266.4960244517774,10632.541716412947,10637.503748881092
2025-02-03,64707.09979829645,3929.2724707678694,1964.6362353839347,7.290969961104566e-12,0.0,62742.46356291252,4.661160346586257e-12,4275.746460916624,863.9163539473539,0.0,1829.4978906835506,10637.503748881092,10027.530176857403
2025-02-04,68265.93307482333,4537.382308894457,2268.6911544472287,6.534071417263475e-12,9.64064383879304e-12,65997.24192037612,5.229594535194337e-12,4784.772136086252,830.9568820951131,1.8189894035458565e-12,3269.1024395679,10027.530176857403,10572.00797696325
2025-02-05,61952.09847813165,1894.9805351724879,947.4902675862439,1222.2083186008654,55.93843166666652,62282.75496081295,968.5118639166757,1947.5206303699374,827.271493037869,29.961666666666588,1718.0476270253905,10572.00797696325,9518.995585655477
2025-02-06,68136.0368349606,6581.374252065478,3290.687126032739,5.7439392228126915e-12,147.14739433889815,64992.49710326677,3.670368105260015e-12,6997.522640191924,865.8783604402835,55.46293263889052,2123.1478886657474,9518.995585655477,9882.639014473674
2025-02-07,18662.44008465024,1607.7461239790532,803.8730619895266,6.722302714479155e-14,7.58581641946421e-14,17858.56702266071,5.684341886080802e-14,2447.7527755564374,556.7154943523328,3.9612757518625587e-14,5917.818864103236,9882.639014473674,8923.923973725861
2025-02-08,14710.607246136888,75.07329288333314,37.53664644166657,864.7878607462433,1334.3117206454176,16872.170181086884,836.858326609617,239.31299999999942,316.4914401717321,296.8712893893191,1846.8376336419803,8923.923973725861,8611.211423687102
2025-02-09,59034.27071052397,499.9007507308722,249.9503753654361,110.5471233818296,164.2612373593193,59059.128695899686,90.17893576947966,551.3407977995838,1418.0880092310815,31.600853666663966,549.0394694040996,8611.211423687102,7893.525587178687
2025-02-10,58244.47402595021,4388.585624801843,2194.2928124009213,6.269837705902025e-12,0.0,56050.18121354929,4.220991552876876e-12,4738.066843920273,907.0599097405643,0.0,143.50660762451162,7893.525587178687,8542.09825944444
2025-02-11,58317.12469454675,4513.5041616372655,2256.7520808186327,1.644696112634847e-12,2654.9870272685657,58715.35964099668,1.3642420526593924e-12,4457.942300330251,801.1851110406346,525.7802641138762,99.4182763889013,8542.09825944444,7790.427572777774
2025-02-12,58978.43846397338,3921.8382808073443,1960.9191404036721,3.148632082969185e-11,1236.449439939125,58253.96876350887,1.9077921962661018e-11,4247.899705599442,906.9682660241798,236.60093200052563,353.8365919753161,7790.427572777774,8532.439249629626
2025-02-13,54594.189951400316,3954.3188937083605,1977.1594468541803,4.783373697136995e-14,559.1749988690019,53176.205503415134,5.684341886080802e-14,4035.9932966670312,498.4770195603692,180.03052933333356,221.76464654310803,8532.439249629626,8209.72269178404
2025-02-14,14479.978133867622,9.350571872346336e-13,4.675285936173168e-13,1059.3593716850128,151.69844123364706,15691.035946786282,984.0142168669465,1.0800249583553523e-12,397.78157896358834,37.922250000003324,3165.012665929928,8209.72269178404,8104.086003703705
2025-02-15,15900.447799782669,73.58251069668796,36.79125534834398,694.6713354619819,2328.1520023267885,18886.479882223095,505.49952345761255,215.2656971670391,466.03992018525673,581.767286342224,4355.462918758541,8104.086003703705,8591.657375190998
2025-02-16,57051.649945187775,3787.1174005378934,1893.5587002689467,1020.0959706673872,1799.4765812132841,57977.663796799505,584.9542345539904,4253.4334140611145,1561.044912801102,356.5374028681075,149.4696666666692,8591.657375190998,7397.156085331134
2025-02-17,56499.744841771026,6458.667278829644,3229.333639414822,579.2209998008213,1912.218652526562,55761.85085468359,358.83739341666865,8015.204262872861,1575.0936015265777,379.5019587620772,334.7129388888925,7397.156085331134,7484.57083288585
2025-02-18,48850.563621760266,1.7199920421262505e-11,8.599960210631253e-12,3802.4617753543016,1755.112141152554,54408.13753826711,3268.5948730625523,2.2168933355715126e-11,1551.6950210906753,339.447645680546,1099.8344188590356,7484.57083288585,6737.994854345886
2025-02-19,49511.68241494281,3.7003478275540034,1.8501739137770017,3283.2198183333785,696.6950519738775,53489.747111336284,3450.241184666649,8.935345473255438,1774.1602647305128,136.52786388889203,518.8000599223121,6737.994854345886,5849.868967098759
2025-02-20,51913.64527261186,1434.4522696302554,717.2261348151277,1301.5466766025534,265.82987157600405,52763.795685975296,858.7362212713738,1681.7195740312304,1689.9384982757228,48.38167123610792,613.4897421467793,5849.868967098759,6816.556540589004
2025-02-21,13843.35814677818,1.9967737512160966e-06,9.983868756080483e-07,296.98534770309664,1087.5800797542972,15227.923573237189,292.4620521666709,5.017019475417328e-06,316.84595959811537,328.3333014027787,5902.167494238685,6816.556540589004,5406.178479188386
2025-02-22,15476.167251982868,211.22810645745506,105.61405322872753,432.30524425627834,156.19720405666925,15959.055647067089,373.2315452372224,381.66700628396563,486.592962851369,86.3186965000018,3349.3166009316515,5406.178479188386,7096.8992474074075
2025-02-23,49545.10350894124,2255.4836357474132,1127.7418178737066,5607.989998968543,68.0657058889594,54093.41739592504,4815.0365095563575,2802.328648884967,1593.0756302973361,25.28006244444841,867.3866503257973,7096.8992474074075,6507.1739701056395
2025-02-24,47746.95668206448,86.46446071584366,43.23223035792183,3804.954488549366,754.9577765879494,52263.63671684388,4373.086343053851,119.26392916667879,1347.016474538821,150.75508436910619,3241.8319280195324,6507.1739701056395,6367.849911481481
2025-02-25,48814.334495154675,3005.3107814115565,1502.6553907057782,1063.959885439034,1368.535584152906,49744.17457404084,1386.8858275261011,4076.5184403972644,1534.720329767574,259.8088468107007,2156.1170185633864,6367.849911481481,6204.674896851853
2025-02-26,44848.19668498532,12.581168460263884,6.290584230131942,7047.7664348323715,62.13816929166635,51951.81070487923,7464.268157346777,30.633474871242925,1206.0375495345072,21.371683333333223,1909.7247121532969,6204.674896851853,6725.088123283222
2025-02-27,44670.74953311788,68.17280285675382,34.08640142837691,3503.6131299396366,1.4116462124998164,48141.687907841646,3673.331046206258,160.32976666676726,1814.0786614468175,0.28921249999996235,1709.152341207323,6725.088123283222,5948.873913518515
2025-02-28,13837.735656899014,47.12414692787535,23.562073463937676,290.79617108479175,394.79381036802795,14499.763564887897,284.29391666666663,83.65198451862892,193.21271775120303,194.93085906944407,7037.340865671304,5948.873913518515,6375.527084384865
2025-03-01,14508.803764617925,201.72423785555236,100.86211892777618,1.9340689050295623e-13,125.28222984046354,14533.223875530613,1.7053025658242404e-13,354.9282065523604,749.9681385922661,62.031369121406094,7464.309406875518,6375.527084384865,7099.5574050000005
2025-03-02,51977.96795268284,60.19273596722277,30.096367983611383,5273.572143657637,683.3668137755133,57904.81054213238,4678.520197517096,87.88586111111181,1598.439084229658,137.7776841526154,6179.340344015712,7099.5574050000005,7088.9331620370385
2025-03-03,53207.87541839715,910.333183880014,455.166591940007,1620.7581930725873,0.0,54373.46701952972,1101.566014048523,1166.5182780760483,1729.9653962870982,0.0,3542.7547956117373,7088.9331620370385,7174.199439136308
2025-03-04,46241.75340536751,28.957547010091456,14.478773505045728,2572.040421122126,220.42163012322612,49019.73668310782,2017.7206485871409,43.499396616820775,1521.2164824058766,42.580353806590516,386.1031983539117,7174.199439136308,5704.195393878202
2025-03-05,49647.015439674724,3591.2141778876503,1795.6070889438251,179.52217739103781,1.0474954237338352e-13,48030.930528121935,130.0665683735746,4519.858676357104,1548.3642585726463,2.2648549702353193e-14,801.6145148148213,5704.195393878202,7145.542972748821
2025-03-06,44678.30251623968,598.129688697069,299.0648443485345,1050.872770321766,0.0,45430.110442212914,1018.5951871666068,740.1680050697956,1346.9042979703415,0.0,316.9194855452703,7145.542972748821,4906.3597437591125
2025-03-07,13804.577788047663,470.2185257893257,235.10926289466286,62.28033952976931,5.631591193377972e-12,13631.748864682775,59.22692326672576,784.4108704822836,420.3710378065041,1.8189894035458565e-12,9094.870304205848,4906.3597437591125,4389.221005468825
2025-03-08,13222.373083666276,1.194513306511256,0.597256653255628,503.7016284369739,175.17659121047015,13900.654046660466,781.9348971484151,4.244894479428467,310.64498708951277,46.956920805535255,9273.341461110154,4389.221005468825,6278.424007144448
2025-03-09,44927.93937254499,1597.5597238565215,798.7798619282607,23.58310075000543,0.0,44152.74261136673,15.63451388889281,2451.3593104455103,1981.5896212844477,0.0,930.503153470872,6278.424007144448,6095.865137024034
2025-03-10,48447.178660325066,482.3224274316661,241.16121371583304,401.53345335701573,2122.9396836676965,50730.49058363394,358.81037750934195,721.5408180555545,63.473296445794354,414.5138392587947,1113.7823365211557,6095.865137024034,7919.416887099859
2025-03-11,40784.34650916593,1.4402417036762927e-12,7.201208518381463e-13,4499.88882103855,0.0,45284.23533020448,4812.382295830626,1.4779288903810084e-12,131.8064150461984,0.0,968.4356934043867,7919.416887099859,7669.96054138818
2025-03-12,47043.884148135025,4689.818251720964,2344.909125860482,46.439995975485616,0.0,44745.41501825003,32.51076059749057,6790.201124040633,87.86385957655696,0.0,1048.2600531879625,7669.96054138818,7377.735440155024
2025-03-13,46090.13590870916,1280.9377303450083,640.4688651725041,1027.881798317922,637.1902039396788,47114.73904579426,871.1246685421212,1497.6101315587043,99.26213369665538,112.70330070370267,1848.9987635326986,7377.735440155024,3578.87029678195
2025-03-14,12114.899857849638,12.291566200002762,6.145783100001381,542.0219834556642,47.435652850798675,12698.211711056098,556.8179727805124,44.129933333337824,122.58759208441684,9.09338691666801,11279.665064748624,3578.87029678195,4502.296111373148
2025-03-15,13437.40738040421,15.080845283333327,7.540422641666663,358.2830498155329,759.4612201891846,14547.61122776726,347.5086548291665,45.09024999999997,132.25805853621335,168.952439263887,6780.751511222035,4502.296111373148,7756.322283620312
2025-03-16,45369.196271069464,2310.7364757467235,1155.3682378733617,120.65762753861001,8.081099999999932,44342.56676073472,76.25389086111718,2951.099975507001,30.75030354621054,1.639999999999986,718.8956682234223,7756.322283620312,8019.46803981482
2025-03-17,39997.750766744335,2283.7413363754576,1141.8706681877288,196.61414456645298,1567.9336660980093,40620.42790922107,143.88575347914895,4639.531399168278,1.4859450663731,358.90853110203585,688.6803405358155,8019.46803981482,7616.570620555556
2025-03-18,47482.39808712425,6208.57752142722,3104.28876071361,122.27746078021525,0.0,44500.38678719085,84.769759613818,8904.644426710665,1.4845119043590658,0.0,1231.2842872767121,7616.570620555556,7776.800673571092
2025-03-19,37973.67259556934,93.59011751169491,46.79505875584746,2229.6054538182325,0.0,40156.48299063172,2655.6594549251076,78.02316867736684,8.365170751085934,0.0,809.2784961566032,7776.800673571092,6895.462643079897
2025-03-20,43374.900243150696,3608.3206552760203,1804.1603276380101,421.2505482204823,3527.610978745194,45519.60144247836,305.65839231361826,5215.572967043887,26.11102419937844,697.6209281308313,264.2176646033316,6895.462643079897,4175.820904828712
2025-03-21,11328.074293495694,208.2146448018108,104.1073224009054,284.64454121959795,573.636018128186,12082.247530442572,306.7305171398995,342.057973224699,55.79341403777444,201.25869804974533,14490.544368089859,4175.820904828712,3492.476063888892
2025-03-22,13762.244108459974,236.93327613684224,118.46663806842112,9.170817953009072,0.0,13652.948288344562,10.780953333340909,372.38504850317133,127.35958998961257,0.0,10912.651929745487,3492.476063888892,7610.461372864355
2025-03-23,44598.371435741414,5652.7500728877485,2826.3750364438743,33.435216452083175,913.1850660201101,42718.61668176973,21.578068055555452,8229.332955231388,0.0,158.44726720833552,2833.0973575283406,7610.461372864355,5645.939500765289
2025-03-24,42702.55717556388,3910.6856040437224,1955.3428020218612,303.1513704325164,0.0,41050.365743974544,218.1594685372204,6713.440547219127,86.74514822195528,0.0,882.1687049221838,5645.939500765289,5679.180031214082
2025-03-25,45455.705752777496,5780.859778192027,2890.4298890960135,55.17862723411313,1750.9214002624965,44371.37589117809,29.257736013209872,8221.227940938756,1326.3042730934171,356.96441980482115,373.5759111111164,5679.180031214082,4972.313837592594
2025-03-26,40316.92816590564,3432.9972507856255,1716.4986253928128,4.5563723460873e-11,271.70801991247293,38872.13756042535,2.5011104298755527e-11,5554.895277952211,16.70075258265304,46.54628969339813,796.9764995109026,4972.313837592594,4789.4404138690925
2025-03-27,42359.89557081004,4750.885590800548,2375.442795400274,117.07350810685932,1052.062425037342,41153.588708553965,64.18865374453803,7244.117627772233,89.3669958284258,238.1598544459602,722.868488850501,4789.4404138690925,3226.440142675501
2025-03-28,11457.263435059705,156.5211531100715,78.26057655503575,3.9544261198898315e-13,1.743005739740511e-14,11379.00285850467,3.410605131648481e-13,200.40501918293208,77.14683497046019,1.1191048088221578e-14,15615.829521392057,3226.440142675501,2326.328153703704
2025-03-29,12059.220214812158,10.188010780704925,5.0940053903524625,678.7134781800684,675.9437720113822,13408.783459613256,693.2235005365101,37.581227626341615,219.04027871363306,194.6383292222169,18243.730880795614,2326.328153703704,5369.302972219378
2025-03-30,41370.910364053576,6082.071717695447,3041.0358588477234,1036.3951771724808,2455.0664169008373,41821.33609927917,541.9704957942489,11065.19513552992,52.88492920709264,599.2405023928652,174.95499166666553,5369.302972219378,6281.040829434305
2025-03-31,36781.19358609717,461.60778578749785,230.80389289374892,1462.4553254363007,1215.9974001001224,39228.84241873984,1627.426380626014,910.7301929823211,39.191290803317216,268.0795769517713,242.98228171142011,6281.040829434305,7397.507436703705
2025-04-01,45749.87252746134,5181.481296012515,2590.7406480062573,2.4067958293017e-12,0.0,43159.13187945508,1.3642420526593924e-12,8051.859013776813,0.0,0.0,1793.585768705022,7397.507436703705,7158.352472244818
2025-04-02,42958.32967068429,2950.971753174337,1475.4858765871686,3.2885139944482945e-12,719.5352673844989,42202.37906148162,1.7621459846850485e-12,4766.16125945798,19.377019962329964,126.36438483333419,1615.3821373602914,7158.352472244818,6888.64409761532
2025-04-03,42937.47334140938,5968.334941379457,2984.1674706897284,9.648330774325586e-11,312.796730016705,40266.10260073645,4.8544279707130045e-11,9620.604862102271,81.42367440818572,45.414883333342345,2594.022749081945,6888.64409761532,3397.782221296305
2025-04-04,10652.87800169328,29.79042043814568,14.89521021907284,45.79407003622266,0.0,10683.77686151043,59.455901513075965,54.138210307084194,83.0914039445997,0.0,18331.947862504894,3397.782221296305,3522.371573881666
2025-04-05,11999.11680063514,0.0,0.0,1056.0034874832675,2242.615383179166,15297.735671297574,939.6431320053458,0.0,60.78317286769999,601.5644202935426,14232.40147537601,3522.371573881666,6782.325510988952
2025-04-06,40302.08367872613,4462.856330236867,2231.4281651184333,773.199806790903,300.11375863803147,39143.96907903663,572.2885564448609,8292.583238570605,0.0,63.180918203070576,2233.2168590359947,6782.325510988952,5540.185661882718
2025-04-07,35540.45716326035,1289.8303392899675,644.9151696449837,1372.1344639011527,3.5156517697032536e-12,36267.676457516514,1264.2606884284974,2418.8268816729546,0.0,1.6370904631912707e-12,1290.645733154552,5540.185661882718,5204.636722993824
2025-04-08,41802.97900310088,5128.702477543915,2564.3512387719575,0.0,6.521986506413668e-12,39238.627764328936,0.0,9177.285956910526,15.580016949274027,1.8189894035458565e-12,1972.1075299188635,5204.636722993824,5261.675909325883
2025-04-09,41101.22677887743,2094.7999044948883,1047.3999522474442,1.7862703316495753e-12,0.0,40053.826826629986,1.7053025658242404e-12,3049.7210555030206,14.976260624819052,0.0,1660.0617619385323,5261.675909325883,5295.7538656656525
2025-04-10,39382.55586203175,2930.970734092576,1465.485367046288,7.968361063728426e-12,1.8348960395542237e-11,37917.0704949855,4.038270047637727e-12,4668.729289108602,52.906002893505786,3.90159016205871e-12,2520.0195226680366,5295.7538656656525,3601.175416120113
2025-04-11,9826.483583926112,1.2098922752556975e-12,6.049461376278487e-13,798.2974096069447,809.1909753184952,11433.97196885155,739.9024714082134,1.9042545318370685e-12,147.5020404646547,257.97779281359516,19344.712838786014,3601.175416120113,2480.420057221762
2025-04-12,12518.375178785787,408.37319813969384,204.18659906984692,82.65854203477518,1.164588900315344e-13,12396.847121750714,73.5040002595612,691.7646382223498,149.44810219506638,9.159173419703845e-14,15453.853812620026,2480.420057221762,6586.966793138903
2025-04-13,36647.74999171218,2051.0003050615546,1025.5001525307773,573.2297497522974,174.75291376894586,36370.232502702645,326.26871163936715,3836.969681774881,13.278447810424456,32.42469872324814,506.77994890386276,6586.966793138903,4816.796112001751
2025-04-14,39642.40580465477,6766.826308807942,3383.413154403971,1165.7065404546381,4576.7142080155545,42001.41339872099,661.9513899548688,10991.864456912153,68.78551064940073,945.0215717623577,118.54735000000039,4816.796112001751,5616.91062196679
2025-04-15,34248.24016645229,946.6993977080297,473.34969885401483,1016.6212323463526,543.5430521108046,35335.05475205544,610.5591904021765,2064.7722188303524,100.09240016982453,139.55869013952633,2375.560962926524,5616.91062196679,6507.654081453707
2025-04-16,33610.90284566788,53.971172289051296,26.985586144525648,2020.93637133538,304.4777963001283,35909.33142715886,1996.814366065472,114.01015416670087,2685.228138445454,82.52134444448038,388.6894487558326,6507.654081453707,4148.988471296293
2025-04-17,33117.34795665692,472.33523508105367,236.16761754052683,2314.281899474353,239.14031325003435,35434.602551840784,2782.7984641947382,842.6013401448608,876.3944647124667,37.02423111580417,636.0515196626725,4148.988471296293,2794.8022989325236
2025-04-18,9946.824017792453,0.0,0.0,341.36537942986354,864.2766141672009,11152.466011389519,315.19664304347543,0.0,107.51987083384243,314.97772267874706,17759.523606275725,2794.8022989325236,2601.14476883773
2025-04-19,10789.926665610117,0.37075666717185346,0.18537833358592673,464.7799473850266,133.7208255451086,11388.242060206667,523.130789722075,0.47994390572409884,65.4439792330529,67.90966902777637,16623.13578956775,2601.14476883773,5767.937465953518
2025-04-20,34206.12115588681,78.924192892975,39.4620964464875,1092.4749662354245,399.6965425352489,35658.830568210986,1045.136153295714,169.27817028055955,1191.8918922050618,79.14106824999978,910.9036073119147,5767.937465953518,7042.400732562447
2025-04-21,35226.520118335204,4285.355388558178,2142.677694279089,12.662060252768006,2252.4261821012337,35348.93066641012,10.679875381888793,8263.882939430747,870.1693459515202,433.3219905758261,733.573326489352,7042.400732562447,6103.237850792753
2025-04-22,32079.79197047012,2.0936226974299644e-11,1.0468113487149822e-11,2932.658164245154,312.17274387020046,35324.62287858546,2889.4373806846647,2.6261659513693303e-11,553.0448417820223,80.75837222223691,580.2523486294141,6103.237850792753,5719.845700204734
2025-04-23,31146.456690059997,1.5655560255116412,0.7827780127558206,3874.39860343686,7.313261107810831e-12,35020.072515484106,4446.116588480529,1.5342571790588408,875.2827060489756,1.6342482922482304e-12,713.4957161768672,5719.845700204734,5855.217322949191
2025-04-24,31873.718054157755,791.4519285956936,395.7259642978468,776.1346595263768,85.58496929715294,32339.71171868344,825.4328901337716,1610.526687108596,102.69454148711209,22.73173155302867,3800.081228597319,5855.217322949191,3137.942907407412
2025-04-25,9506.479996758273,163.74479815497062,81.87239907748531,125.98327923753678,560.8809657159513,10111.471842634275,128.11206522222525,258.0308965785214,181.19972425308512,154.63395694443844,20792.92155397805,3137.942907407412,3531.406310906619
2025-04-26,10941.842219457021,2.3873501414923672,1.1936750707461836,501.6160569238386,349.8155556530837,11792.080156963197,556.304766255882,2.9849339103430452,173.51762210367934,94.23655091950668,23215.662397059496,3531.406310906619,6708.642114999997
2025-04-27,29607.417397387642,5.918920464864641e-13,2.9594602324323205e-13,3046.0575233610452,2648.2514052752617,35301.72632602395,2903.96497329136,6.039613253960852e-13,836.5338645986141,498.3129285097097,2045.8248514223276,6708.642114999997,5209.868222222223
2025-04-28,37361.58309433311,1505.2724796579826,752.6362398289913,2831.2422313684756,0.0,39440.18908587259,3026.7955632786875,2311.6253282383213,1635.9979463516684,0.0,1929.3333940675057,5209.868222222223,5292.550161246048
2025-04-29,30160.600290321134,283.34686528798727,141.67343264399364,2186.7546323202932,393.9356889954984,32599.617178992932,1737.4234238247,836.145274658777,818.0261860476775,76.9516222361096,1003.0214344277988,5292.550161246048,4503.860825234832
2025-04-30,29692.342293886613,8.713115000003947,4.356557500001974,1959.8328665184263,1755.2504584467574,33403.0690613518,2231.169347373984,19.475000000006176,793.1838721730835,394.2833648432675,397.71703088203833,4503.860825234832,4857.2601515482975
2025-05-01,31152.45170735957,8.694338375932997,4.347169187966498,3581.6396509872716,9031.299248674957,43761.04343783383,2892.1099719234826,12.920701010796506,750.5482589203187,1666.3608574048658,2716.4809773237357,4857.2601515482975,1200.0
2025-05-02,11157.112604522996,0.0,0.0,504.3423363889075,6638.053801752898,18299.508742664802,361.0163980501031,0.0,646.1854503428061,1468.748622324903,11920.123560905351,1200.0,1595.6129682599462
2025-05-03,11479.908685095783,2.2445192371378652e-13,1.1222596185689326e-13,309.2276595708162,7529.423360900895,19318.559705567495,314.7315690000194,3.410605131648481e-13,877.982384555389,1521.2809619084474,16815.38398542524,1595.6129682599462,4374.382204629631
2025-05-04,34995.02504026724,2069.8392171097275,1034.9196085548638,912.0636615488552,9497.45974412846,44369.62883738968,473.35186043548833,3424.7721135694487,1244.54915542251,1623.1547049797564,603.7174803053193,4374.382204629631,4513.332464999998
2025-05-05,35783.452150865094,971.2360435902083,485.61802179510414,670.358137854128,8598.283183253327,44566.475450177444,374.4391443689461,1185.6869989714423,1937.9146613151652,1365.168453873051,8.065899999999942,4513.332464999998,2662.995885957367
2025-05-06,32792.585843699,3.803984327532817e-12,1.9019921637664084e-12,3246.447566165354,8535.66150653713,44574.69491640148,3095.6782730633417,3.240074875066057e-12,1001.6099634200722,1519.6336422999193,67.39039659934075,2662.995885957367,2920.348626682682
2025-05-07,35985.283967675525,6.014488462824374e-13,3.007244231412187e-13,2915.57921680768,3375.936603045333,42276.79978752854,3313.416172694746,7.389644451905042e-13,593.0395614567669,600.3955035996072,356.52533605967005,2920.348626682682,4774.012063888889
2025-05-08,36411.939721643525,842.4574924371238,421.2287462185619,1210.820508950417,254.40669974999972,37455.93818412538,1418.5245062875906,1582.4568532528033,1831.7524208858867,35.99924999999996,431.01105771509197,4774.012063888889,2270.237751648903
2025-05-09,11718.265039547787,2.722239855756925e-12,1.3611199278784624e-12,317.2199316787472,139.6571869338657,12175.142158160399,330.2758606975982,4.291678123991005e-12,881.1578702575734,78.98370955555717,16957.473308647663,2270.237751648903,2382.3805199868198
2025-05-10,13947.796983935741,213.92517396642276,106.96258698321138,536.7373231174629,0.0,14377.571720069991,625.8926014269177,221.78635120916488,166.1343807801898,0.0,13738.158818925549,2382.3805199868198,5206.289604837673
2025-05-11,38229.21264871965,718.213313328207,359.1066566641035,1571.0695204744213,183.5882616666663,39624.76377419663,1272.219506396767,1415.2863724503231,145.3652213150742,27.56166666666661,1114.405084525709,5206.289604837673,5329.890038669863
2025-05-12,34935.65632561842,6.031655175320338e-13,3.015827587660169e-13,4387.771821306384,0.0,39323.42814692481,4376.265644095262,5.684341886080801e-13,63.13467766825066,0.0,1016.5877183938227,5329.890038669863,7307.880853834535
2025-05-13,38326.117569223396,2515.575799731534,1257.787899865767,1959.0178097801531,0.0,39027.34747913778,1643.2368145042233,4403.45181944445,363.07953307554124,0.0,1829.6648980645443,7307.880853834535,7046.281294085803
2025-05-14,36910.85193909655,791.5163182889168,395.7581591444584,526.7555318548687,0.0,37041.84931180697,692.7314044238772,1337.7919613379781,594.9396889206917,0.0,788.7127869101023,7046.281294085803,6021.688781111112
2025-05-15,37044.16524318162,510.88041888694937,255.44020944347469,575.960293488766,0.0,37364.685327226915,321.0393283617757,527.3079073678069,245.175994209166,0.0,24.28886666666665,6021.688781111112,5142.082584007177
2025-05-16,12155.288847549331,661.7588166185587,330.87940830927937,49.168326795462356,54.33625135497009,11927.914017390485,57.33581341666623,810.5119305024245,217.73343270439435,18.978781472221478,21680.46624732782,5142.082584007177,3595.926590987657
2025-05-17,12687.927079144765,186.35111263019388,93.17555631509694,4.254388841218315e-13,346.0692768722488,12940.820799701916,3.410605131648481e-13,267.16453041868317,166.59329005346518,213.08177511111037,14548.838054569673,3595.926590987657,3735.904954807187
2025-05-18,38861.31084051842,815.2415152086905,407.6207576043453,0.0,5.1999404782066e-12,38453.69008291408,0.0,1408.3021287446825,887.2365085409689,2.432720691558643e-12,1155.785362983031,3735.904954807187,5393.8723759259265
2025-05-19,33879.028208817836,190.0994362866681,95.04971814333405,338.00890236246744,455.4750641666673,34577.462457203634,293.3433307576959,626.0501666666678,686.4812956455556,65.26833333333343,2880.669607429186,5393.8723759259265,3849.509880564105
2025-05-20,35412.86121135935,4.581579560181125e-13,2.2907897800905626e-13,1467.3436326126275,0.0,36880.20484397197,1646.9211490186929,5.684341886080801e-13,424.8174153270335,0.0,131.1893342952609,3849.509880564105,4585.850395732802
2025-05-21,33435.300323885545,1.3486476291291182e-11,6.743238145645591e-12,3920.91833384568,0.0,37356.21865773122,3554.6372997401727,1.5575096767861396e-11,508.09238699534774,0.0,472.8644841029454,4585.850395732802,4985.4308193898705
2025-05-22,33517.485155130096,299.77862328773153,149.88931164386577,1089.1266025793354,16.864339999999583,34473.58678606556,607.8858499666793,327.70743676626364,472.6330337917303,2.5699999999999363,42.590895410008045,4985.4308193898705,3366.342955110935
2025-05-23,10932.942007473754,0.0,0.0,457.07609468716396,216.29695909324914,11606.315061254167,522.7505921743792,0.0,447.85563895206064,94.69575483333288,18037.193340259517,3366.342955110935,2786.5373620407427
2025-05-24,12980.477987122062,246.69698461632095,123.34849230816047,0.0,2.7722535378416073e-13,12857.1294948139,0.0,377.8769240616797,417.6556784360517,8.526512829121202e-14,20610.471320172997,2786.5373620407427,5335.774425228383
2025-05-25,35175.51252684674,704.1716326303883,352.08581631519417,629.5193680489605,0.0,35452.946078580506,386.24277403273624,1745.6017037288075,304.1098276608202,0.0,4060.0312130858656,5335.774425228383,5650.745656506775
2025-05-26,33770.472385421584,1.0625399227137677e-12,5.312699613568838e-13,5133.814361684539,0.0,38904.286747106125,5587.588422592218,1.1368683772161603e-12,375.5929601452981,0.0,1384.684699268424,5650.745656506775,5209.425283871503
2025-05-27,31609.949602384742,4.997586984245573e-11,2.4987934921227864e-11,4623.774992760581,1291.845851344478,37525.57044648978,4717.4047692499735,4.5929482439532876e-11,1023.9105186371725,284.5553039722206,2137.467533630594,5209.425283871503,4957.320102099899
2025-05-28,39587.45599645619,3136.1500821531613,1568.0750410765806,1703.4625731219617,0.0,39722.84352850158,1261.077957665514,6091.621376309984,80.34721420886402,0.0,2443.00454018628,4957.320102099899,5844.355356270536
2025-05-29,38067.54255619868,1124.989459556867,562.4947297784335,9.665259601569462,106.8505236666663,37621.56360968848,5.028577579006409,2545.615604046825,45.38183776674022,15.890916666666612,2109.6869964939406,5844.355356270536,4044.6883374893923
2025-05-30,10870.505186295166,133.7848817984747,66.89244089923734,2007.3790447962374,0.0,12810.991790192165,1345.8826904778161,193.11780517027267,394.1872818369027,0.0,17611.038942215364,4044.6883374893923,3670.2047589926656
2025-05-31,14068.225636326348,931.5562443669647,465.77812218348237,1.548400234696601e-11,9.646328180679119e-14,13602.447514142883,9.265477274311706e-12,1511.5208281754421,435.49735086625543,5.684341886080802e-14,17188.33751372387,3670.2047589926656,5824.839480821794
2025-06-01,51326.042042126246,3144.458842860503,1572.2294214302515,3276.0979235563304,10209.630102173049,63239.54064642537,2246.2862744199983,3802.1106279716087,2033.6462539241504,1575.3839631666615,1031.2335533596638,5824.839480821794,2552.8001522222203
2025-06-02,49097.51196642157,3185.38611985606,1592.69305992803,2607.740737982801,17381.252198528095,67493.81184300443,1265.188840082046,5381.824599931673,1117.838360782975,3157.6189335532345,35.3648333333379,2552.8001522222203,1742.3211991012354
2025-06-03,47015.6298647153,1820.6812371716696,910.3406185858348,1739.466930683095,18448.351079159045,66293.10725597161,904.562768682914,3114.7022060185286,594.1602214361308,3160.691637004711,427.65442777777866,1742.3211991012354,1528.9264814814815
2025-06-04,56308.74138388403,6447.635123658125,3223.8175618290625,6.5468130750046045,5802.460077162257,58893.930712292226,3.1551666666701976,9341.944968091597,111.70618942914966,1199.8911954996452,61.14932916666989,1528.9264814814815,1738.706491923343
2025-06-05,45049.59500812675,25.039013392777832,12.519506696388916,5235.393772097539,18281.364904264155,68553.83417779204,4730.746758368019,43.119038888888895,1867.1343882862673,3916.1918895450262,23.883488888894178,1738.706491923343,1200.0
2025-06-06,15712.425126822127,489.4553352295713,244.72766761478564,1237.8975262646982,15739.292165108935,32444.887150580973,790.0501034527055,655.5904875891281,1614.4867006453344,3792.784688729289,2423.873225257211,1200.0,1217.4015000000002
2025-06-07,16782.821200291786,2.5833506463952463e-05,1.2916753231976232e-05,1.7744781644069006e-12,8443.999983111406,25226.821170486437,1.7266188478970435e-12,4.049773666281453e-05,1223.240647836808,1529.21281835302,1319.6738312469106,1217.4015000000002,1458.5689103703712
2025-06-08,50942.936187792875,2598.4722520118353,1299.2361260059176,1119.685439920524,0.0,50763.38550170748,966.8356271074541,4200.425376027651,1422.029704884191,0.0,720.8247398148193,1458.5689103703712,3816.8950451059836
2025-06-09,58211.63609581168,2830.407104655051,1415.2035523275256,0.0,0.0,56796.43254348415,0.0,3804.4443529971472,1573.754316599722,0.0,1578.5504097844303,3816.8950451059836,4784.431668621955
2025-06-10,52626.24910287249,799.0346661976336,399.5173330988168,3295.201347031239,0.0,55521.93311680491,3024.679992835351,1180.1664816101966,1573.4705318146507,0.0,821.1052180390427,4784.431668621955,4713.561470902077
2025-06-11,57589.12709865043,2.2282324607658666e-11,1.1141162303829333e-11,566.851420408558,0.0,58155.97851905898,509.54874942039805,1.7479351299698465e-11,1471.8573257029554,0.0,1122.9525681584382,4713.561470902077,4152.693218499954
2025-06-12,55961.03123382334,557.1286375282402,278.5643187641201,0.0,0.0,55682.466915059216,0.0,792.6973469686819,1557.2154859331354,0.0,997.2500026748958,4152.693218499954,4873.682647557022
2025-06-13,19783.848500899923,47.03543157605002,23.51771578802501,1.513200132103467,0.0,19761.843985244002,1.9854361111250967,40.9209952471232,1258.905202488693,0.0,6036.545923322905,4873.682647557022,4924.279766095058
2025-06-14,20606.295904937826,172.59438031957615,86.29719015978807,228.05059377552482,0.0,20748.049308553564,238.00374223613557,222.46914625667532,1168.2947685915422,0.0,8344.438085088712,4924.279766095058,5307.706073322128
2025-06-15,50891.12492412831,6.731511348334606e-13,3.365755674167303e-13,4217.190030881654,0.0,55108.31495500996,4377.928655091184,7.958078640513122e-13,1755.095706884144,0.0,2582.954784207828,5307.706073322128,4756.196933455846
2025-06-16,53633.52863928695,1.886417066998547e-12,9.432085334992735e-13,5112.879260294951,0.0,58746.4078995819,3229.8071415001436,2.2737367544323206e-12,1831.5926949387042,0.0,2222.0408854938405,4756.196933455846,5448.529411964415
2025-06-17,55843.644463973826,35.11663327699563,17.558316638497814,0.0,0.0,55826.08614733533,0.0,59.218605863399034,825.3423964158353,0.0,516.3797682098766,5448.529411964415,3790.908084059369
2025-06-18,57608.84767230576,1650.3081836782374,825.1540918391187,6.510589400932076e-13,0.0,56783.69358046664,3.979039320256561e-13,1300.2503516249144,829.3561539647128,0.0,2982.5031890359437,3790.908084059369,5201.014815645469
2025-06-19,51865.575618825045,3820.299636653339,1910.1498183266694,4897.859286542687,3.1329339122976306e-14,54853.28508704106,4296.659688675483,5239.424077608397,876.2295361008726,1.1191048088221578e-14,945.9900280726911,5201.014815645469,4925.645240680303
2025-06-20,19506.466929899212,862.3643374452004,431.1821687226002,117.44772642797162,0.0,19192.732487604582,140.054735992061,735.6778418665762,969.4924630938328,0.0,10849.832838735534,4925.645240680303,4405.349556499426
2025-06-21,19312.679009954907,220.75168771260763,110.37584385630382,92.3399863637506,0.0,19294.643152462355,118.91164722222265,188.89750896253798,879.6043656591834,0.0,13723.062892037171,4405.349556499426,5318.7282387607565
2025-06-22,48466.153513341254,985.6095784351884,492.8047892175942,926.7374465111983,919.0543256658223,49819.140496300686,815.1597892959527,1638.809395456077,1433.7438001281864,213.81661080449504,145.25833868311204,5318.7282387607565,3361.8649648434016
2025-06-23,51189.70814748605,156.9210139976501,78.46050699882505,0.0,0.0,51111.24764048723,0.0,265.9398692207012,1586.7104745678598,0.0,1073.4717094039756,3361.8649648434016,4592.286387099825
2025-06-24,60146.83329096017,573.0914387507416,286.5457193753708,2.684042215150839e-11,0.0,59860.28757158482,1.8985701899509877e-11,683.6394424803498,1581.7852726689507,0.0,1318.8406803964378,4592.286387099825,5247.003830462322
2025-06-25,50384.47108316022,577.6654889946545,288.83274449732727,2198.793467338115,0.0,52294.43180600101,2116.3440637011654,799.8689977906772,1531.491304352385,0.0,865.3620066560943,5247.003830462322,4547.831671203459
2025-06-26,49302.12071131744,72.37132662108687,36.18566331054343,787.8297764063891,0.0,50053.76482441329,855.2816058490661,111.35763443773897,1525.9835476140267,0.0,1014.6671334980738,4547.831671203459,4111.704356225191
2025-06-27,18943.230559466196,185.62722475379928,92.81361237689964,0.0,0.0,18850.416947089296,0.0,265.5379308148925,1068.797474798549,0.0,13488.76912415621,4111.704356225191,4897.866731234566
2025-06-28,18399.283490048416,189.5956844505984,94.7978422252992,3.762750111491187e-14,1.247428826900432e-12,18304.485647823116,2.1316282072803006e-14,166.9021842913756,1074.9136461458243,3.979039320256561e-13,10753.463678362947,4897.866731234566,4806.564293265434
2025-06-29,47071.72995238386,107.04895934014638,53.52447967007319,6020.616979263442,0.0,53038.82245197723,5321.156723981166,162.4781944444552,1597.1630498313905,0.0,1768.368535185186,4806.564293265434,3814.6323010290253
2025-06-30,51816.71474042222,121.04868017812193,60.52434008906096,378.43330847783216,0.0,52134.62370881099,365.3707336420149,209.98215888205505,1432.047491652353,0.0,1776.776533796301,3814.6323010290253,4189.264689202587
2025-07-01,48815.394944295374,3.126666001662671e-11,1.5633330008313354e-11,16519.718075635657,27185.865249963892,92520.9782698949,10696.60867741986,1.972466634470038e-11,1561.1031370252806,4573.9937815653475,58.88414722222251,4189.264689202587,1215.8479077777774
2025-07-02,48881.06491201448,1.0509134540370722e-11,5.254567270185361e-12,9808.199302972112,32464.617488411553,91153.88170339815,6345.341842815829,6.87805368215777e-12,2909.0469620668473,5862.568699546306,0.0,1215.8479077777774,1841.9782674074072
2025-07-03,53402.74431455169,7.270000423886814e-12,3.635000211943407e-12,10581.888854735207,31674.122500699406,95658.75566998629,6795.628976679122,6.508571459562518e-12,4547.0506575273685,5505.800557795291,0.0,1841.9782674074072,1446.6271768518516
2025-07-04,18097.345134746953,2.6992097446054686e-13,1.3496048723027343e-13,869.7365380847045,32471.572966712523,51438.654639544184,676.9572398111502,2.2737367544323206e-13,4231.363596791305,7902.018619120439,10064.038488888891,1446.6271768518516,1207.0827142592593
2025-07-05,19578.586311930558,6.516873390410182e-06,3.258436695205091e-06,1322.5267692455623,27761.838630717793,48662.951708635475,818.7546364914353,5.607357934422907e-06,3696.6007177666725,6909.366056357866,11501.575925000001,1207.0827142592593,1200.0
2025-07-06,50709.93801831676,1.7363271126669133e-09,8.681635563334567e-10,16166.733056835623,34234.2212220676,101110.8922972191,11598.411530414214,1.0325038601877168e-09,7255.633263412286,6049.47696988453,5.456968210637569e-13,1200.0,1200.0
2025-07-07,50445.034975798335,6.075843464530522e-05,3.037921732265261e-05,4759.050433306615,39083.30024017721,94287.38561890295,3167.6516090228047,0.00013616859848752938,8584.178846761184,7444.895673628698,2.5224267119483557e-13,1200.0,2717.812091111111
2025-07-08,71699.5365346748,2732.5918170478435,1366.2959085239218,3.6100232136959677e-12,0.0,70333.24062615089,2.5011104298755527e-12,4371.6562279301,3861.304788780124,0.0,8561.728750068349,2717.812091111111,5164.647759140742
2025-07-09,70558.8284491355,4646.171702670993,2323.0858513354965,150.36830612934705,0.0,68386.11090392934,74.0278425782891,6225.53231961729,2822.5648228844702,0.0,9038.286159825097,5164.647759140742,5014.000723955027
2025-07-10,66672.89726170318,839.7368186248252,419.8684093124126,72.9382529076044,0.0,66325.96710529839,39.04408377902962,1079.1309961267716,2298.824002246366,0.0,9062.144132262514,5014.000723955027,4658.956845977159
2025-07-11,30633.942774293035,746.5152876354584,373.2576438177292,2.0340849005151541e-13,0.0,30260.685130475304,1.1368683772161603e-13,984.5694258633835,1393.3522053185218,0.0,13599.660255036317,4658.956845977159,5002.154388333328
2025-07-12,28870.473726908785,124.62576322656932,62.31288161328466,0.0,0.0,28808.1608452955,0.0,102.91587877416657,1482.3612925172824,0.0,14232.870999849218,5002.154388333328,5010.394999259255
2025-07-13,67542.47320337064,3977.9193068022446,1988.9596534011223,4.298846238682188e-05,0.0,65553.51359295798,5.459892344106265e-05,4482.292572014961,4563.809194750015,0.0,11830.711714593404,5010.394999259255,4684.477014263571
2025-07-14,65065.28546076488,1066.819463671821,533.4097318359105,105.62186810471388,0.0,64637.49759703368,52.1593658159004,1581.4041615054964,3554.191347677759,0.0,10321.3154143906,4684.477014263571,4704.829100546038
2025-07-15,71016.53282756661,5988.415606401725,2994.2078032008626,4.597495717462153e-13,0.0,68022.32502436575,2.2737367544323206e-13,8142.42342168293,1135.0305840940441,0.0,9629.517196723915,4704.829100546038,5405.318651985341
2025-07-16,69155.2066934916,3333.5031791080714,1666.7515895540357,0.0,0.0,67488.45510393757,0.0,4332.56767019354,1026.4095632713486,0.0,10832.447018842537,5405.318651985341,4884.397697987038
2025-07-17,66720.95575764443,1679.8817050132902,839.9408525066451,780.400392284992,0.0,66661.41529742278,484.24460012565265,3151.527664480549,723.9934333146757,0.0,9467.982748756262,4884.397697987038,5070.67732472928
2025-07-18,30913.155706116537,2808.3452543833027,1404.1726271916514,9.516946164467301e-12,0.0,29508.983078924895,8.08597633294994e-12,4832.07619970857,572.0393483625746,0.0,13834.675477191102,5070.67732472928,4996.2104878582
2025-07-19,31577.749492363306,1561.8022700204056,780.9011350102028,8.200650825074263e-13,0.0,30796.848357353105,3.907985046680551e-13,2487.1389112505003,1158.6391045623823,0.0,19683.934108621906,4996.2104878582,5437.4640224389
2025-07-20,69249.38542102101,4335.876667181714,2167.938333590857,0.0,0.0,67081.44708743016,0.0,6226.844111422306,1687.9114784729627,0.0,11832.31213628963,5437.4640224389,5025.661078209879
2025-07-21,72769.91419574553,3176.9547391184415,1588.4773695592207,82.64679929579954,0.0,71264.0836254821,39.19882341861137,4506.750646938925,1572.139330396305,0.0,12990.509531173268,5025.661078209879,5274.910824562353
2025-07-22,67196.18809858078,2185.505591478699,1092.7527957393495,539.1124879354719,0.0,66642.54779077691,575.1453425223986,2995.050694438236,1800.81848620606,0.0,9505.65701738734,5274.910824562353,4507.773014054279
2025-07-23,75830.51213396463,9060.023438177734,4530.011719088867,0.0,0.0,71300.50041487576,0.0,11863.04611693712,1941.2527814496998,0.0,9881.75060457876,4507.773014054279,4732.663589260091
2025-07-24,75377.77770194612,7460.6589606772495,3730.3294803386248,0.0,0.0,71647.4482216075,0.0,9467.15063295448,1335.237931382398,0.0,11286.389563151562,4732.663589260091,5192.728475955799
2025-07-25,28214.75235010404,1642.431321961747,821.2156609808735,1.4451282837057987e-11,0.0,27393.536689123182,7.638334409421077e-12,1992.4910158625062,652.254120619106,0.0,16751.939279806524,5192.728475955799,4488.562042682629
2025-07-26,29410.63959829717,1210.738387273387,605.3691936366935,1.2051373232679907e-13,0.0,28805.270404660474,1.1368683772161603e-13,2077.289681014896,1068.3274363889288,0.0,15870.781009381308,4488.562042682629,5009.341632592593
2025-07-27,67679.51748186213,2447.896841076387,1223.9484205381934,350.99914375466443,0.0,66806.56820507861,217.14470705058682,3527.9113698399087,1745.0544164135063,0.0,9553.83034410487,5009.341632592593,4944.357707114822
2025-07-28,70566.46184283217,2665.370534257946,1332.685267128973,294.6879951108333,0.0,69528.46457081402,169.43314999999996,3220.29446841111,2010.0811507830808,0.0,8466.10190183697,4944.357707114822,4656.735853437536
2025-07-29,68420.16564941325,484.8398015568507,242.41990077842536,18.73501369458958,0.0,68196.4807623294,11.296019833344104,561.5067434088332,1813.4367631769278,0.0,10271.95002222255,4656.735853437536,4899.133584096888
2025-07-30,62655.96968217725,45.5462118400276,22.7731059200138,1758.0959012844014,0.0,64391.29247754165,1759.1933174791116,38.19388833545548,3078.180720794401,0.0,4937.317374110176,4899.133584096888,5122.375694016629
2025-07-31,60470.4785430316,1.2197007777103863e-10,6.098503888551931e-11,769.1706901235773,2888.0460070834934,64127.6952402386,315.0530800145732,8.714096111361869e-11,4507.534608660415,362.22944484659985,4187.893143013889,5122.375694016629,3332.7323568
2025-08-01,21900.4457077923,0.0,0.0,383.97651113588427,2349.0440343467308,24633.466253274913,269.63705857150467,0.0,8066.951022748491,732.8246683333308,15522.055000102888,3332.7323568,2521.495858852314
2025-08-02,22582.88182875559,180.25523635503015,90.12761817751507,279.4135736412175,759.9803399465901,23532.14812416588,203.06851338889044,292.7746684156367,7060.649382920568,106.39009724999927,16586.257733264574,2521.495858852314,2725.364604070115
2025-08-03,47933.53213303539,9.7350978255044,4.8675489127522,1508.4234593856977,4921.34313451577,54358.4311780241,714.315750108346,28.565427891727225,6290.367317173932,772.9172110185598,77.79644528463544,2725.364604070115,2512.965294814813
2025-08-04,52018.301394045004,1775.124353481432,887.562176740716,1642.3484689996571,1622.6336157085198,54395.721302012455,925.7966894909096,2284.9192780410867,4747.489785385106,259.1849420484844,14.88115709226042,2512.965294814813,2378.769702899999
2025-08-05,51757.513048945846,1139.2291995873868,569.6145997936934,1238.2410994481127,116.99626627500238,52543.13581487526,1511.5468709647416,1292.1529571127112,2121.7627039957315,14.106983333334757,661.1744377801242,2378.769702899999,2655.4197799228477
2025-08-06,57726.2621842111,3314.372463595121,1657.1862317975606,602.7198666290545,0.0,56671.79581904259,450.6903808660747,3650.4789450971434,1101.6048263037387,0.0,1563.7768958309473,2655.4197799228477,2048.2623594025777
2025-08-07,54994.446029103936,4146.397578923601,2073.1987894618005,589.1248544394424,0.0,53510.37209408158,340.1127768992544,9168.055481700823,1136.4136326623557,0.0,2076.474071561116,2048.2623594025777,1454.0448164890363
2025-08-08,21978.47836213331,125.2466921562247,62.62334607811235,19.351303589435986,0.0,21935.206319644632,21.6774441212384,196.3879198653252,426.08811737983405,0.0,20858.380188874093,1454.0448164890363,1778.6708649223456
2025-08-09,21843.92908354282,4.342357386803996e-06,2.171178693401998e-06,544.5418287523539,48.81354098093535,22437.28445110493,343.07301394288436,7.113951042470035e-06,463.99429444535195,16.200976097223542,17423.27076486616,1778.6708649223456,1945.3920884846011
2025-08-10,53656.94565558352,1382.294549464086,691.147274732043,63.632574307784516,8.83991542499924,53038.27087058426,62.94939191168305,1606.2778255836708,1522.1599818810596,1.0089499999999134,116.9596406402687,1945.3920884846011,2136.8257792760187
2025-08-11,49555.98107892409,517.542526226821,258.7712631134105,3109.4987778835475,171.22190615834637,52577.93049985258,2281.043534081372,1205.1406180559175,1236.0476076843288,20.28195000000153,2250.022027506211,2136.8257792760187,1736.3216715412882
2025-08-12,54161.95207968701,1340.9740572303147,670.4870286151573,810.5843272391905,3131.5842600526194,57433.633638363666,564.7630813378391,2657.484027760637,1236.855760113837,459.97606111110883,1077.7355781906758,1736.3216715412882,1940.417906260072
2025-08-13,49899.10138439285,198.0749190200936,99.0374595100468,2638.3677760945684,830.7193605674659,53269.151061544835,2685.0211215210265,206.8362192404274,437.3575331525725,103.16833181944028,1153.575668846092,1940.417906260072,1813.9653011669488
2025-08-14,51917.020330328174,1430.9787388028212,715.4893694014106,2778.1043600993708,1315.4226135840265,55295.057934610166,3257.4152442628924,1599.8080018689125,535.9758954332679,208.6381341615229,1220.0968232649375,1813.9653011669488,1648.6831486630979
2025-08-15,22751.590901678064,1238.1713153745354,619.0856576872677,349.61830057823437,75.557417556695,22557.680962125723,370.17670005670607,1809.5090187986782,272.73353426577046,28.408356722222493,19221.317176388886,1648.6831486630979,1320.7622559389356
2025-08-16,24674.227587046273,3149.691084241212,1574.845542120606,225.33765050816484,1229.4017275690358,24554.121423002867,222.1607517580251,4599.146791816653,100.64888134828277,398.58808069230537,19357.32999159455,1320.7622559389356,1349.963985284592
2025-08-17,56243.25795092969,5046.535324694949,2523.2676623474745,248.5331806527508,171.13636037500038,54139.65982960997,117.77365637414277,9746.89182288895,0.0,21.129250000000134,3408.0100560040496,1349.963985284592,1375.7171951398502
2025-08-18,56100.63092194707,4532.487040608597,2266.2435203042987,1057.371617390145,4.976079600011257,54896.73509863293,516.6288784141138,7313.995952379238,0.0,0.5649500000024008,1764.0926522298619,1375.7171951398502,1695.1180767842518
2025-08-19,55822.619048586756,4833.83809227335,2416.919046136675,232.19618712337402,658.8411968112773,54296.73738638473,104.4950057939177,7899.3168182710615,2.784365816326561,106.25921330556214,517.585216591237,1695.1180767842518,2108.808879288889
2025-08-20,60531.113588199725,6331.796873334355,3165.8984366671775,634.2342392409358,1786.9520024252288,59786.401393198714,436.10677291610443,10271.929745430838,0.0,304.45631556994874,861.5925520099502,2108.808879288889,1295.785370719664
2025-08-21,57759.62601380583,6264.6214184024175,3132.3107092012087,217.79809743749948,0.0,54845.11340204212,90.7030819444445,10727.28367704961,0.0,0.0,618.9792940409491,1295.785370719664,1282.0608684092563
2025-08-22,23613.4562805182,1371.0292797846023,685.5146398923011,222.3916094986046,3104.4091475613836,26254.742397685888,218.50291881235057,2206.6018696668584,202.18994152133573,636.0075783826824,16139.136715007204,1282.0608684092563,1685.064075
2025-08-23,21689.93483108202,0.0,0.0,515.8896242142158,132.07360577398845,22337.898061070224,423.12858038285594,0.0,332.07049179662386,44.742347911939866,15059.451860406987,1685.064075,1491.1358105055542
2025-08-24,55531.06256508616,3315.060773024142,1657.530386512071,93.9889723765307,3.959079464266324e-13,53967.521150950626,38.056067387225426,4916.589104599053,771.2617771946803,8.057554623519536e-14,960.0751401419084,1491.1358105055542,2525.831304785567
2025-08-25,70271.12279315673,14430.934830555252,7215.467415277626,19.00110996750361,126.05857729166704,63200.71506513827,7.7830500000017935,20502.75772468641,936.4564014148804,15.17041666666671,977.4211598571401,2525.831304785567,3099.1502644439665
2025-08-26,54869.4362135173,3671.5219187607413,1835.7609593803707,379.3158677514463,60.53966369999903,53473.53078558837,182.0860097749881,5256.680643252405,424.28245655328817,7.178899999999885,171.93016527778155,3099.1502644439665,2821.180322111108
2025-08-27,55625.06202844535,1502.455443030135,751.2277215150675,179.18774742001716,0.0,55053.022054350295,74.28405000001067,2774.8968171804636,338.75820913354386,0.0,2057.6838561909904,2821.180322111108,2409.160436682095
2025-08-28,53632.98157272489,596.7879383508316,298.3939691754158,2124.6458516899975,465.2883259978811,55924.52178123735,1907.8476201773385,936.788833424832,778.3517660742908,64.07414373730819,908.1124301326843,2409.160436682095,1598.1043656467255
2025-08-29,23937.877998262134,691.7000096326364,345.8500048163182,107.74891107252196,9.727045835461469e-13,23699.776904518338,58.43850676233592,999.6039547915824,721.9685280730648,4.547473508864641e-13,15519.152972402524,1598.1043656467255,2053.032116587777
2025-08-30,22854.762784669627,573.3808912617963,286.6904456308981,75.0818416755584,553.8323664242832,23196.986547138567,79.66119861126082,731.9724322675884,797.9756665049397,267.8924921666688,19007.431838666165,2053.032116587777,1493.5524288593697
2025-08-31,51071.68648481447,180.27442092264943,90.13721046132471,2144.7902948003525,2512.79037209698,55639.129941250474,1354.223163267731,245.82161082031374,805.1123013910977,464.7756270471092,3.428383333333386,1493.5524288593697,2023.3255249999997
2025-09-01,49761.23324035457,4534.118740059039,2267.0593700295194,200.72295411979132,0.0,47694.89682444484,107.02698455556873,8720.225472530927,1419.0468105250175,0.0,8025.848436987266,2023.3255249999997,5653.459621933408
2025-09-02,43398.283738638616,690.4696730125809,345.23483650629043,1061.561950918423,0.0,44114.610853050755,1711.189920415476,1536.660141961269,537.2049342786169,0.0,8091.843084677674,5653.459621933408,5364.118681538668
2025-09-03,48378.93172873598,3523.322466981193,1761.6612334905965,83.01628698001575,0.0,46700.286782225405,41.948466666676865,6033.688118653454,271.50730597890066,0.0,5686.401873081235,5364.118681538668,5950.881503436407
2025-09-04,47700.26215333237,3667.530238415514,1833.765119207757,83.0289718800117,0.0,45949.52600600462,41.94846666667422,5266.51622307568,195.129363949611,0.0,6392.324254305806,5950.881503436407,6032.492371073258
2025-09-05,18215.726246798327,1103.0446123422066,551.5223061711033,0.0,0.0,17664.203940627223,0.0,1677.816246744102,119.51290473307591,0.0,24765.44250855964,6032.492371073258,6332.874037256793
2025-09-06,19029.307894188456,1001.9449856441826,500.9724928220913,4.046682988700923e-13,0.0,18528.335401366367,2.2737367544323206e-13,1364.8327760613956,304.49135490127526,0.0,24422.042693757725,6332.874037256793,7380.386478888889
2025-09-07,44242.106949314584,2537.2014447536612,1268.6007223768306,1251.5610688186089,0.0,44225.06729575636,1785.3686568835733,3962.3624690006345,924.9110838402115,0.0,4901.139840876136,7380.386478888889,6725.110210724404
2025-09-08,41493.41145845945,1502.3837623487266,751.1918811743633,194.91192362539329,64.04248188400886,41001.173982794484,116.56028608381474,3284.6313686479766,937.6300018476923,13.637666500001888,643.405571561807,6725.110210724404,3422.5518248148146
2025-09-09,37827.76915217019,15.006313862867785,7.503156931433892,674.0406911494255,1538.6216984671246,40032.92838485531,369.4270329727883,18.92347271483687,321.8770021869666,279.03898499375214,1554.0225743998626,3422.5518248148146,2759.135551778881
2025-09-10,44254.35049998088,2120.77365319129,1060.386826595645,767.1634998896352,2671.0467857186777,46632.173958993546,461.17806462250365,4133.299052053004,1088.610048562743,524.6529818876396,332.2434027777772,2759.135551778881,2242.8667402735614
2025-09-11,43329.650965162815,5569.03791292395,2784.518956461975,662.0370139817469,4189.786923295915,45396.955945978494,647.7611307495587,10296.523826790719,1119.2443597829251,860.2846749379239,1116.3694555555553,2242.8667402735614,2285.2581735185154
2025-09-12,14287.962321101735,158.01007438728774,79.00503719364387,153.28920313827533,1349.2621342931936,15711.50862133956,161.182086916667,232.09455213114302,263.83545237141254,597.8242847499994,17666.396193106993,2285.2581735185154,1674.8902081863685
2025-09-13,14570.390474724061,2.847537878012592,1.423768939006296,401.90408641587294,430.0911699208861,15400.961962121813,451.2623924371429,3.8299226312586825,154.8172088605791,142.24024963226924,21016.2109437504,1674.8902081863685,2340.164614860374
2025-09-14,47046.007144321295,5285.17050565541,2642.585252827705,474.7409701032425,882.6604179749977,45760.82327957183,289.509173467567,7523.290065499662,514.1748002490027,138.09689999999966,493.9683357159334,2340.164614860374,2956.4981176575216
2025-09-15,40082.5903199962,307.11852389152966,153.55926194576483,208.8095468266973,1804.2718603728445,41942.11246524998,142.66331530556604,429.87558519195727,323.5398921494186,311.7714796292852,1360.731690261647,2956.4981176575216,3557.7287316546303
2025-09-16,47562.6722316673,5552.417094082723,2776.2085470413617,460.86291434549287,474.84046700245227,45722.16706597388,252.40485371476353,8270.549025898217,1159.397637792044,91.05590467381235,881.5963814961284,3557.7287316546303,3770.125297962963
2025-09-17,45013.42909672612,3509.728484551113,1754.8642422755565,240.87414811996538,470.1484118595022,43969.58741443003,133.0037805566269,4582.485060787118,1010.5875233690856,106.31346055648697,224.6866275731593,3770.125297962963,3128.2505504665764
2025-09-18,38415.24897867841,70.54915779627663,35.274578898138316,2002.9899258506525,1272.832099722164,41655.7964253531,3113.344142200957,54.5066213689295,1139.603810354716,228.26839697806452,349.0769219618735,3128.2505504665764,1270.9821898314826
2025-09-19,15042.815221481753,358.0343162472043,179.01715812360214,113.36395812244763,562.9946952719348,15540.156716752534,128.3913809705081,363.8562482364917,319.72159376126217,172.18527191889666,13159.846178461532,1270.9821898314826,1673.9964553746563
2025-09-20,14959.229610085818,326.4622896492281,163.23114482461406,3.109162532545767e-11,1909.7176604506049,16705.716125711842,2.2341225501233785e-11,434.48299859986673,39.8886028175704,513.1167594162265,13889.161355624146,1673.9964553746563,2506.1892071411335
2025-09-21,44230.39705985063,3342.301158170374,1671.150579085187,161.55038095000003,684.1488239152121,43404.94568563065,80.80366666666669,5457.5740559043625,1224.0343088132488,129.5128261567644,125.85497638889393,2506.1892071411335,1708.2365122222222
2025-09-22,48509.420202161666,5304.133075438993,2652.0665377194964,26.01940750000244,1658.0504835970546,47541.42355553923,13.61666666666789,8574.720490513097,790.4712946871874,348.77125561737006,2.2490347222229694,1708.2365122222222,1380.628362037037
2025-09-23,47070.57272548898,3078.8500534157356,1539.4250267078678,47.70258300000213,3222.520380222884,48801.370662004,22.94000000000114,5188.041847276447,1238.591959264144,640.614244466336,80.26378472222325,1380.628362037037,1799.0836437037035
2025-09-24,41394.33721834168,505.4354018121646,252.7177009060823,3137.054962915749,3420.590813405458,47699.2652937568,3073.0490895181674,650.5858008027647,317.97353193333345,723.8824549722151,44.69912311782658,1799.0836437037035,3203.1167687518564
2025-09-25,44520.11541603418,2789.474771396872,1394.737385698436,708.8583662777745,526.5059628276911,44360.74235944122,544.9282782222433,5628.16897678524,156.35771293310475,114.80041361040298,212.6609746994237,3203.1167687518564,1952.7716808356445
2025-09-26,14928.664030509051,757.4381222335298,378.7190611167649,6.726565970893717e-12,113.82208007863157,14663.767049470924,5.6843418860808015e-12,1110.5197117554262,0.0,38.36067885981608,11845.08130210948,1952.7716808356445,1788.613165323462
2025-09-27,15940.383267569514,227.9134924058405,113.95674620292024,400.50329349619165,2833.5519358056304,19060.481750668416,438.9681960329224,291.1280932232231,0.0,806.1090817934642,13209.816667849802,1788.613165323462,3310.8159709259276
2025-09-28,46085.11957955068,1085.5794541449966,542.7897270724983,1007.8675327799803,579.4291072970282,47129.626492555195,678.229704625009,1762.9953950374747,393.93496955935376,144.77165187500344,646.7947486111132,3310.8159709259276,3294.9939056712155
2025-09-29,45553.89453437987,1014.6297851236543,507.31489256182715,916.0158437701322,6942.384045129683,52904.979530717865,1335.4092483196225,1269.4889048077632,4291.628990044829,1406.1080122083351,136.59326666666686,3294.9939056712155,3852.7893649512603
2025-09-30,45099.62606901555,766.5631931748786,383.2815965874393,2799.3495819173527,3953.536478978253,51469.23053332372,3150.9397027356044,609.0139244962547,2594.2422278584763,705.875419541671,396.27608055555703,3852.7893649512603,2455.1184933353175
2025-10-01,40601.43912823526,1773.8270757920618,886.9135378960309,1160.9158353420692,0.0,40875.441425681296,2139.9841477693694,2443.0370413227333,2355.210531798278,0.0,6992.269929311202,2455.1184933353175,4753.315471364816
2025-10-02,45772.18109904219,7155.563075211723,3577.7815376058616,62.77096584500052,0.0,42257.170527281334,32.63769583333362,11507.925132586322,668.185710264595,0.0,5995.018815743306,4753.315471364816,4309.090897931745
2025-10-03,12412.928849436992,1.9731942302314565e-12,9.865971151157283e-13,352.6949008358406,541.0686939770601,13306.692444249893,373.9320117437305,1.9326762412674725e-12,296.1651422759442,147.56973531863486,18998.58171344308,4309.090897931745,4374.482130944554
2025-10-04,14553.696409032182,47.79165848078718,23.89582924039359,222.52279935339735,0.0,14752.323379145186,149.2457302047324,126.65742452387252,514.9443707720562,0.0,15903.176260133747,4374.482130944554,5139.680270889329
2025-10-05,42861.55633637971,3310.0953424901318,1655.0476712450659,713.2011801592503,418.20849718160747,42337.91834247551,589.9722201573816,5655.943285339699,1914.7348544874903,114.01954015274697,3167.023201833459,5139.680270889329,5924.853543333335
2025-10-06,39365.993825121026,281.2597893800784,140.6298946900392,3239.9835472482146,660.7243420386744,43126.07181971788,3825.8313084308984,435.9583004388637,1049.4276780684736,153.31473286347736,1245.0053702263958,5924.853543333335,6042.117815385809
2025-10-07,42010.0496477449,379.2581951617344,189.6290975808672,3184.4129299946458,0.0,45004.833480158675,3078.506991196907,954.021725398349,1126.773517672463,0.0,4216.553249547891,6042.117815385809,8915.7514219883
2025-10-08,36538.38894093434,268.88975446987627,134.44487723493813,1597.8091459302996,1409.2370671657752,39410.99027679547,1036.820167324996,448.7403478815469,914.2199026424807,218.18770850000433,922.9082990401471,8915.7514219883,6622.5749379099825
2025-10-09,43128.858285452785,6747.159089539986,3373.579544769993,1107.36170707451,1915.023543478723,42777.663991236026,546.4922752460387,10885.077785343063,1782.2242936552661,323.78164363901976,1119.2310639917775,6622.5749379099825,4028.5884931481437
2025-10-10,12619.17409938465,200.56167154737167,100.28083577368584,3.1483341249442776e-11,1661.836576316466,14180.729839927462,2.9411926363449104e-11,307.7673296273682,269.3493339146113,389.7354602585557,18654.26139837106,4028.5884931481437,4553.498005925926
2025-10-11,13450.344048970797,26.65139344000005,13.325696720000025,679.4377953943106,2.9100988285790665e-13,14116.456147645107,440.9824822403609,95.07071666666684,291.38447964163083,5.684341886080802e-14,14404.626317489714,4553.498005925926,6726.923328272899
2025-10-12,35815.105439604085,31.451919229659104,15.725959614829552,6454.094412812999,1563.1092758824907,43816.583168684745,6792.537896959519,76.05273989480861,2611.353196455277,245.7446886819398,2589.894335270916,6726.923328272899,6407.564555390966
2025-10-13,37689.42971032129,69.99271919293305,34.996359596466526,5872.403206091963,757.006364465889,44283.842921282674,4885.819093260758,88.69313347723164,3437.6317710106255,139.195276730003,2595.0225772462104,6407.564555390966,7303.276147555678
2025-10-14,43402.31499582303,3215.3540792983335,1607.6770396491668,1447.2387895608642,1073.2948424524914,44315.17158818722,950.6773241548256,5470.603218017735,1244.8658667760335,161.32494249999985,416.47623521605436,7303.276147555678,6995.556940785453
2025-10-15,46005.90634150946,2890.6385592050674,1445.3192796025337,12.281768429793297,0.0,44572.868830336716,8.013943055556439,3683.414838885453,1251.7919929479308,0.0,2417.565035070839,6995.556940785453,7471.178904779136
2025-10-16,40901.64980863221,6.819408290849794e-06,3.409704145424897e-06,4941.362439552787,0.0,45843.012244775295,5616.378985413423,7.00144552112647e-06,2435.018073220537,0.0,2384.4928508895805,7471.178904779136,6390.734107589444
2025-10-17,12013.908156959258,58.43516087545166,29.21758043772583,1549.3280564342163,0.0,13534.01863295575,1576.4066237453796,68.71491165975073,285.9764516775434,0.0,12701.082220261742,6390.734107589444,5118.832498695391
2025-10-18,14209.167827570176,143.71743546777662,71.85871773388831,608.1729699724955,31.874471617999887,14777.356551426781,650.0847461730543,305.076829920916,574.824464296461,21.3315176666665,12478.238057453267,5118.832498695391,7513.762177043674
2025-10-19,42231.7999222759,232.05308464080858,116.02654232040429,3790.6065627420408,877.0802767881995,46783.460219485736,4448.129228794484,289.3642878564598,3194.6785605070527,187.7719290648295,934.3817944444412,7513.762177043674,6597.3806322222235
2025-10-20,45491.43830423296,1602.0222674352567,801.0111337176284,2059.3548255858714,0.0,46749.7819961012,2814.596550188626,1771.7141778177734,3229.7494935824843,0.0,1820.3959828784077,6597.3806322222235,6270.485929629631
2025-10-21,44202.780423795455,435.84720749004765,217.92360374502383,4091.536134535961,0.0,48076.392954586394,4351.322848438242,465.8387996657019,3475.0341367769925,0.0,1289.3977508952007,6270.485929629631,5995.943694548611
2025-10-22,41739.098643300924,101.4958159726109,50.74790798630545,5979.8119495815645,1.3711867197230276e-12,47668.16268489618,7106.46457590911,106.09671520374906,3332.530871083321,3.8902214782865485e-13,2004.7419329204236,5995.943694548611,4863.459682160656
2025-10-23,48856.51283891315,4767.602569536413,2383.8012847682066,582.3498666304005,0.0,47055.06142077534,427.17272062155945,6666.909456317404,3574.3872267027014,0.0,1850.2997170439066,4863.459682160656,4428.241227642734
2025-10-24,12677.165201631109,5.526621949142609,2.7633109745713047,939.6603618528407,1249.1387247762268,14863.200977285605,845.569258459539,6.824130918824551,625.3828059186247,302.56778451148455,10949.64768888889,4428.241227642734,3707.968653494505
2025-10-25,13739.007991559698,6.029177971764997,3.0145889858824986,262.4526189560089,1317.6218337421087,15316.067855271935,264.8176997811135,9.845773155644508,418.18598898222564,299.967532999997,9858.770674606214,3707.968653494505,5079.802290496128
2025-10-26,46081.37371430172,115.77296486859865,57.886482434299324,1370.3782019309137,5.806830571941646e-12,47393.86543379834,1133.881689681436,246.68645097294018,1965.1884124998662,1.4743761767022079e-12,1771.8035000081632,5079.802290496128,6901.253915580133
2025-10-27,42100.874159441046,537.5120740842424,268.7560370421212,6764.69005713944,58.24892500000039,48655.05710453836,8233.459560319356,492.4797685555554,1975.9616126588544,11.095033333333435,3427.474741948956,6901.253915580133,7848.048915058913
2025-10-28,41454.88351357127,436.36067368203715,218.18033684101857,7938.397022871949,387.4497693850698,49562.549968987274,9067.598179275898,410.22862297223736,1954.4561316289492,57.08704425888755,1848.4520104081048,7848.048915058913,7089.65190028361
2025-10-29,47165.518080476264,431.81400280758464,215.90700140379232,4716.221331083917,156.35863786853878,51822.19104802492,4945.645254208341,393.3251734887603,1907.7484803964683,31.736393140334336,2222.6741106436193,7089.65190028361,7134.429693428156
2025-10-30,45143.55014778048,594.8093547901274,297.4046773950637,1123.868016843047,202.42406302355613,46172.43755025201,1235.1750910425228,1114.4072848845865,0.0,52.573463832595486,456.31378595677586,7134.429693428156,5909.342110555559
2025-10-31,14550.249067770204,1154.0990802253332,577.0495401126666,251.00055333124996,6.524353501902169e-13,14224.200080988789,273.15328472222217,1838.4398289496157,163.98151666394557,1.4193091146808002e-13,6347.264701586072,5909.342110555559,3838.506838814487
2025-11-01,15463.547664618862,494.5805495987321,247.29027479936605,333.42227148413133,88.70046666433893,15638.380127967966,352.08034527778347,730.9767223303681,133.12875000846418,41.755894000002904,7544.378388175439,3838.506838814487,7416.143455370372
2025-11-02,48515.123677393574,3482.88040250311,1741.440201251555,2951.4340988823988,1812.7433455638356,51537.86092058825,2882.90672944771,3989.561893689295,465.28177683562194,288.3757938333338,1303.6729591049452,7416.143455370372,4063.5410548148307
2025-11-03,54255.19614573064,3994.9091274562547,1997.4545637281274,10.409609250057148,0.0,52268.15119125257,6.995000000052681,5288.265327730405,501.63510145452415,0.0,1475.404449468451,4063.5410548148307,5661.672531548242
2025-11-04,49774.312257081816,1753.755720492833,876.8778602464165,1040.954292506705,1468.320461456249,51406.70915079836,1018.4244137434556,2832.9605706414754,634.4335931864277,232.89210416666648,1263.0799425448222,5661.672531548242,6698.419168518519
2025-11-05,55615.17722147992,5382.94092779138,2691.47046389569,275.84260373228176,15.867291266665887,53215.416652583175,170.74613433333786,6745.208792649777,525.5440244203055,3.227683333333175,1768.1927635370548,6698.419168518519,5777.754835145909
2025-11-06,51319.773144568084,192.92340410300898,96.46170205150449,1092.7275403212711,1509.610796923083,53825.64977976093,897.0676648022336,274.7983960918698,527.3567933197321,282.5406926111109,2205.243052845783,5777.754835145909,3865.9025044732334
2025-11-07,14253.652549226492,107.79927752304238,53.89963876152119,492.19571953671425,433.71006311207566,15125.658693113759,418.7514994722545,226.7036027845572,196.1566846968243,96.04295615274734,7388.171037568583,3865.9025044732334,4170.021735844289
2025-11-08,14701.780739353719,195.46093358473945,97.73046679236973,98.00372138343607,2.3520385639130835e-12,14702.053993944786,84.94805389722572,331.416211902595,321.7811781316215,1.5347723092418164e-12,7012.932355386833,4170.021735844289,4932.691058311597
2025-11-09,54086.56944257948,2001.8592243874502,1000.9296121937251,113.32380554323021,2.0422703528311102e-12,53198.96363592898,67.30869029560048,2401.6731834238744,956.082745178099,6.821210263296962e-13,1897.1025492626895,4932.691058311597,4883.871206389254
2025-11-10,55794.06179971082,2384.350721425695,1192.1753607128476,2458.513523956791,1258.20668719702,58318.60665015178,2144.8273835089694,2604.7740867682796,926.0796190391187,239.22692396570594,2028.7595233043269,4883.871206389254,5427.966145000001
2025-11-11,56203.043254698714,3785.6773607172663,1892.8386803586332,7.794543677164256e-12,0.0,54310.20457434009,6.23856521997368e-12,4881.446028640745,952.1895747250102,0.0,1795.7034371158045,5427.966145000001,4932.014757178065
2025-11-12,54008.68424073656,3476.1533228437343,1738.0766614218671,1427.4756187718403,898.7495840970728,54596.83278218361,1506.9236128731698,4445.2871849841085,937.1594633148343,161.52692314243794,1309.4052664094602,4932.014757178065,5527.506174677071
2025-11-13,52640.70837333848,487.8538479705808,243.9269239852904,1281.0981338014187,2400.8104872244903,56078.69007037909,850.8013602759298,772.7241912664037,955.4029642911919,445.40421762348456,1165.939137337465,5527.506174677071,5398.261332942979
2025-11-14,14972.596102533302,28.452599183579963,14.226299591789981,439.40411173011023,504.4444611891895,15902.218375860812,748.6323319544204,34.81291959327052,382.680551183806,138.90663199220236,5374.1628894166315,5398.261332942979,5482.129468703698
2025-11-15,17016.665783485878,824.247783326703,412.1238916633515,1.2520331438281573e-13,545.262942100001,17149.804833922528,1.1368683772161603e-13,1304.8933817399652,396.5017845435048,157.70091805555586,5812.657061765762,5482.129468703698,6260.874814166696
2025-11-16,54427.54640610141,803.8852513453229,401.94262567266145,1625.8695388094452,0.0,55651.47331923819,1110.9829545998073,1098.3097638082054,537.6779875318337,0.0,588.2311373730067,6260.874814166696,6774.219021628343
2025-11-17,52816.069993646415,99.36722557045003,49.683612785225016,2798.3245898014948,0.0,55564.71097066268,2502.802866526402,156.02470484729446,368.58280362899643,0.0,1479.2252201355627,6774.219021628343,8350.015938923707
2025-11-18,55195.08858860703,1153.180623767651,576.5903118838255,1316.5154022332276,0.0,55935.013678956435,867.812189783316,1323.67529753349,134.1436859429555,0.0,492.1795245457789,8350.015938923707,7432.270593888889
2025-11-19,55035.771593028665,1380.449266949717,690.2246334748585,4293.251382578994,319.3322824500001,58958.130624582795,3526.640993690425,1527.4023511336688,337.6959110998422,111.42671666666672,1172.3835343493324,7432.270593888889,7550.2679207750025
2025-11-20,52163.36124581762,0.9017377598572542,0.4508688799286271,2208.6045562549416,0.0,54371.51493319263,1974.3828986819012,0.8882365640833996,1264.593653877899,0.0,626.1447027777846,7550.2679207750025,5401.933994314545
2025-11-21,14846.30153975738,1.021760454023024e-13,5.10880227011512e-14,904.8717719064349,394.7545749268023,16145.927886590618,842.7917143844951,1.4210854715202004e-13,617.8945927178435,228.06909161111048,2995.719701990036,5401.933994314545,5493.485204625206
2025-11-22,17401.138383123543,718.244060342761,359.1220301713805,326.43870609776104,0.0,17368.455059049924,228.66998308830213,1394.3946773371385,0.0,0.0,5249.462826158045,5493.485204625206,5634.847045444168
2025-11-23,55140.16308171556,1901.270097183721,950.6350485918605,3544.651049551425,0.0,57734.179082675124,2554.5797079455924,2198.096540227105,152.85622304943314,0.0,1035.119135177542,5634.847045444168,4891.989809971162
2025-11-24,53283.81677084275,569.5993410049464,284.7996705024732,1270.3217040915174,1717.1326546101936,55986.47145904198,764.4082779391989,678.2228313908311,135.795301779529,301.94494088242647,536.4578132290599,4891.989809971162,3802.7112425925916
2025-11-25,63941.93022696108,7044.249307660397,3522.1246538301984,73.04256053875619,28.66236951977894,60521.51050318941,42.1832041666716,8192.069635214479,135.52981679242572,6.865238208330286,1482.1234852931077,3802.7112425925916,4861.467804074075
2025-11-26,60245.26647463515,3195.149913293417,1597.5749566467084,2020.9187770599817,177.73418883332337,60846.344483881745,1376.9939045513522,3624.0808616167114,135.78067200971816,32.99316666666482,1974.503536368343,4861.467804074075,5520.85283730322
2025-11-27,56429.57045946261,741.3519171182371,370.67595855911856,2666.0464294037374,0.0,58724.94093030723,2309.3717203547603,865.1230108516579,982.0472384586783,0.0,1937.5181569675824,5520.85283730322,5860.153423326988
2025-11-28,15151.76057654958,10.612679053666279,5.306339526833139,317.8651920532211,1127.3590404844854,16591.67846956045,256.3744661782078,36.24397979845372,407.84516453042625,211.38484316666379,2277.4697010677974,5860.153423326988,5835.574096258776
2025-11-29,19405.150760046974,2761.2239145408007,1380.6119572704004,1.3932681781625432e-10,0.0,18024.53880277671,1.3739054338657297e-10,6138.502104670668,677.9165122633175,0.0,707.8342237400238,5835.574096258776,6546.124955185234
2025-11-30,58788.36933975869,109.13029400573416,54.56514700286708,2328.7645633399607,0.0,61062.56875609578,1781.8249334004795,170.18915307063185,593.9555255028397,0.0,279.83910114900675,6546.124955185234,7211.821559673221
2025-12-01,65066.73938341859,1185.8854502988784,592.9427251494392,2781.679696442788,20753.75372020575,88009.2300749177,1800.9436484696303,1194.562693698221,1263.1774105841425,3530.385957831186,20.66421666666656,7211.821559673221,6321.868123888889
2025-12-02,70609.37353806499,3184.1845687222894,1592.0922843611447,811.2613752657022,22360.54221697995,92189.08484594949,614.5220321669259,3140.919852085356,134.7985258764313,3654.7117650320934,386.1944958333337,6321.868123888889,5539.248793338725
2025-12-03,60632.94791578778,1.4822035154793413e-12,7.411017577396706e-13,12754.327341465108,9321.289919359242,82708.56517661213,9319.600078299762,1.2505552149377763e-12,1179.916628955553,1519.7401886575021,2.9324098704819334e-12,5539.248793338725,6284.293462654328
2025-12-04,66629.52303330755,1971.7748121566158,985.8874060783079,2153.4864019696824,21921.5439076255,89718.66593682441,1417.5981436527916,1815.14173545148,1522.156621170832,3591.9281882069745,123.91359166666405,6284.293462654328,5715.679818703709
2025-12-05,19204.479411618107,25.69401771160893,12.847008855804464,690.2035968720458,11402.965271982262,31284.801271616612,862.7825129753471,94.49793618638728,2970.1644635120992,2335.7363077499936,9.007566666666776,5715.679818703709,6407.538543728553
2025-12-06,20990.218684643703,20.263643335556267,10.131821667778134,1105.6945443877805,8746.402922414953,30832.18432977866,1499.806760819401,60.3538544987083,3389.519077294951,1826.7994959523378,40.55645501554724,6407.538543728553,7755.900664259259
2025-12-07,71101.42350795555,1730.8915510292866,865.4457755146433,585.409243925504,2496.1968780606185,73317.58385442704,498.305451077193,2270.4971533036073,3125.9031572216477,355.954881944445,111.20775555554931,7755.900664259259,8671.084054731955
2025-12-08,76097.6324128714,1462.4224395546253,731.2112197773126,5.015772330807521e-12,0.0,75366.4211930941,3.296918293926865e-12,1660.8454546294636,3111.8427941707114,0.0,7272.816752306107,8671.084054731955,6920.825855287141
2025-12-09,75737.1479087072,1760.4535878722813,880.2267939361407,7.834159987396561e-13,0.0,74856.92111477104,4.547473508864641e-13,1941.9748648195678,3132.826999153262,0.0,6496.610859814879,6920.825855287141,7414.728858936006
2025-12-10,72198.39613989188,393.3148120951886,196.6574060475943,1237.599106848736,0.0,73239.33784069301,1114.8123532407712,373.3154941656955,3110.7577597614395,0.0,3475.566035284085,7414.728858936006,7550.676423513581
2025-12-11,74767.66255226397,3243.5465652864227,1621.7732826432114,0.0,0.0,73145.88926962076,0.0,3413.8159343566026,3149.027639343715,0.0,5953.516798195589,7550.676423513581,8307.618262096305
2025-12-12,24026.976235451584,147.43422307316266,73.71711153658133,855.6428061829552,0.0,24808.901930097956,1067.0831309153798,267.4794105672984,2672.560289748595,0.0,4805.727396110047,8307.618262096305,8542.389988851704
2025-12-13,25037.085309888535,474.9602029677894,237.4801014838947,374.6382007285201,0.0,25174.243409133163,379.25943845839845,892.7946886899919,2721.700391664163,0.0,5010.057889823693,8542.389988851704,7824.164716574653
2025-12-14,70416.30924627802,103.09330032324453,51.54665016162227,4956.097704906427,1.4894324973369064e-11,75320.86030102283,4108.362907429855,98.57486473060618,3859.413078521091,2.2697843604646548e-12,4220.1452254528085,7824.164716574653,7644.428815631348
2025-12-15,70448.93579345362,15.637514377754188,7.818757188877094,5231.079020162999,332.4241766208403,76004.62023304858,4488.487879793576,31.32611293870437,3417.7178991396877,60.14831388889,3851.4668708847767,7644.428815631348,8022.258716403202
2025-12-16,74693.12545863797,223.22596125587023,111.61298062793512,4.9504387789056636e-11,0.0,74581.51247801007,3.728928277269006e-11,235.5614587302805,3820.019040644443,0.0,4517.026454758107,8022.258716403202,7396.7529092876275
2025-12-17,75073.6714661766,1315.3525933061615,657.6762966530807,8.008098291156784e-11,59.316184288710886,74475.31135381231,5.758238330599852e-11,1179.6829024089152,3740.9753552613765,11.944459180167314,5157.533798612511,7396.7529092876275,7374.065339999999
2025-12-18,70564.53421014646,14.671231056934342,7.335615528467171,656.893761635651,481.7741579854156,71695.86651423908,536.1291490501335,22.47579623337127,3668.163674462704,87.55708333333314,2636.088149238849,7374.065339999999,7633.704785925928
2025-12-19,22855.865339496006,46.39686805384081,23.198434026920406,96.47530291829435,0.0,22929.142208387377,120.33029514128884,66.51059818349154,2719.228617409315,0.0,2387.064725740426,7633.704785925928,7520.16272262316
2025-12-20,24930.398153454138,194.48509581447388,97.24254790723694,97.97806716425322,0.0,24931.133672711156,57.88613208333709,292.28233692788905,2829.9097894905562,0.0,5030.354658009749,7520.16272262316,9079.993299621077
2025-12-21,73815.31979989627,211.16531841917714,105.58265920958857,46.84081959442401,0.0,73756.5779602811,51.367403649191694,222.96122070787226,3197.0109332228762,0.0,4194.909040553076,9079.993299621077,8658.88767531786
2025-12-22,73041.92960611974,4.44955931466446,2.22477965733223,183.2328745097139,1611.4939066530428,74834.43160762517,147.88393050360128,11.99665025767888,3193.9453880828073,291.53317200000697,2944.5847089506924,8658.88767531786,8417.93213208704
2025-12-23,74879.0805022232,837.6320680192288,418.8160340096144,6.350858825499017e-11,0.0,74460.26446821363,3.285549610154703e-11,737.7373358925872,3201.706747077555,0.0,5844.750467150239,8417.93213208704,9335.564930309889
2025-12-24,73259.48215886543,87.7074026287072,43.8537013143536,0.0,0.0,73215.62845755108,0.0,76.98647151587909,3175.517102511649,0.0,5021.279722493433,9335.564930309889,8771.533117932533
2025-12-25,69997.96518493163,56.83614571500837,28.418072857504185,2335.7829005326844,0.0,72305.3300126068,1818.3108589976505,55.207554019321734,3114.8957125228653,0.0,3248.7539625196814,8771.533117932533,8523.96669726943
2025-12-26,23286.447844325034,127.39016910465278,63.69508455232639,377.4517136131489,0.0,23600.204473385857,500.5385567221939,238.62452778323922,2678.4316555180612,0.0,2445.142434567906,8523.96669726943,9630.00366329434
2025-12-27,23081.87058788453,42.08317210578738,21.04158605289369,217.06108361177195,0.0,23277.890085443403,300.3514162379844,97.8393138327549,2811.240673126597,0.0,3881.777144436276,9630.00366329434,9544.358776904159
2025-12-28,72077.62739190138,33.05727929465976,16.52863964732988,42.87286070636152,0.0,72103.9716129604,40.97207005997916,34.14205348237431,3218.7014349884703,0.0,5209.752960947702,9544.358776904159,9368.50702975167
2025-12-29,71267.48301997918,29.004754456154394,14.502377228077197,2100.920572822868,9.456846947267314,73363.35806252125,1809.2250091706192,23.06724833749547,3254.5855932671625,2.417703425097102,5452.896260653651,9368.50702975167,9652.563687037038
2025-12-30,70713.20945086109,819.5213075969623,409.76065379848114,8.791005257080541e-13,0.0,70303.4487970626,6.252776074688882e-13,915.6023971024691,2384.2654481668665,0.0,4284.958976736027,9652.563687037038,9423.140446132396
2025-12-31,72544.73485496885,1480.3082820700793,740.1541410350396,841.6976717834727,67.46038945332518,72713.7387751706,539.1218827066992,1249.2798970536082,2990.591928501171,14.551179405052965,1686.8497190715873,9423.140446132396,9168.62141814815
